user,twitter
a2,a2
a4t,iwanomoto
aalbinclark,aalbinclark
aalexmonteiro,aalexmonteiro
aantix,aantix
aapis,iamaapis
aaricpittman,aaricpittman
aarighi,rocoarighi
aaronchen,aaronchen
aaronklaassen,aaronklaassen
AaronLasseigne,AaronLasseigne
aaronlippold,aaronlippold
aaronmallen,aaronmallen
abachman,abachman
abagmar,BagmarAnand
a-barbieri,_AleBarbieri_
abcang,ABCanG1015
abelnieva,abelnieva
a-bentofreire2,devpieces
abhaynikam,abhaynikam13
abhijit,abhijit
abhisheksarka,abhisheksarka
a_bicky,a_bicky
abousamra,ahmedabousamra
abraham,abraham
abrahamhuie,abrahamhuie
abranhe,abranhe
abscondment,abscondment
absk1317,absksays
abtris,abtris
AbuMareBear,AbuMearBear
acant,andrew_s_cant
accesslint,accesslint
acer1456,acer1456
achref,achref
ack,a_kiseliev
acollier,aaronisbrewing
acook,anthony_m_cook
acreature,acreature
actionanand,actionanand
acwright,aaroncwrightne
ad_alexis,alesis18
adamcaudill,adamcaudill
adamcooke,adamcooke
adamcreekroad,adamcreekroad
adamgeorgeson,adamgeorgeson
adamhollett,admhlt
adamhunt,ajmihunt
adamhunter,adamachine
adamnoto,adamnoto
adamrehn,DrAdamRehn
adamspiers,adamspiers
adamvduke,adamvduke
adamwhittingham-cronofy,adamwhittingham
adamyanalunas,adamyanalunas
adamzapasnik,adamzapasnik_
adavaika,andr_morozov
adaynu,adaynu
addisongpi,addisongpi
adebola,debosthefirst
Adkron,adkron
adonesp,adonespitogo
adrianbn,adrianbravon
adrianfernandez,adrianfdez14
adrian-sal-kennedy,ososalsosal
adrianshort,adrianshort
adrianthedev,adrianthedev
adrienjarthon,adrienjarthon
aeroastro,NekomimiMaster
aeschright,ameschright
Aeyris,AeyrisTweets
afeld,aidanfeldman
afomera,afomera
afonso,AfonsoGraca
afrase,aaronfrase
africastalking,africastalking
afstanton,afstanton
agargiulo,argargablar
agilemonkeys,theagilemonkeys
agis,agisanast
agladkyi,agladkyi
agmattbrand,realmattbrand
agnelwaghela,agnel_waghela
agorf,agorf
AGoulart,oA_Goulart
agrawald,dagrawal7
agrberg,agrberg
agross,agross
agucova,austinc3301
agustibr,agustibrr
ahad,ahadamdani
aha-oretama,AHA_oretama
ahawkins,adman65
ahmadsherif,ahmadsherif
ahoglund,andrewhoglund
aigarsdz,aigarsdz
aileron,aileron
aimerald,aimerald
ainame,ainame
ajaya,ajaya
ajit123jain,ajit123jain
ajrkerr,ajrkerr
ajr-mlfs,termcap67
ajsharp,ajsharp
akabiru,akabiru_
akabiru_,akabiru_
akamike,akamike
akarzim,akarzim
akashpinnaka,aakashpinnaka
akerl,akerl
akihikodaki,aodaki
akira,arika
akiranarita,_akinrt
akito19,a_ksi19
akofink,akofink
aks,aks_805
aksh,_akash_gupta
aksh93,aksh_iam
akshat,3minus1
AkshayNaik,AkshayNaik_16
Alain_ANDRE,al1_andre
alangarf,alangarf
alanho,alanho
albertbellonch,abellonch
albertogg,albertogg
albertoms,albertomsLG
alcanzar,JavaJoker
aldavigdis,aldavigdis
aldesantis,alessandrocodes
ale7714,ale7714
alea12,alea12
alecb,alecbzr
alejandrodevs,alejandrodevs
AlejandroFalkowski,AlexFalkowski
alek-popovic,alek_popovic
aleksander_s,sumek
AlekxAguilar,alekxaguilar
AlessandraPereyra,Yaraher
alesshh,alesshh
AlessioRocco,alessio_rocco
alex88,4l3x88
alexanderadam,alexanderadam
alexandrafren,alexandrafren
alexandre025,Alex_Ferraille
alex-at-airtable,syrnick
alexbirsan,alxbrsn
alexdovzhanyn,alexdovzhanyn
alexdunae,mrmrbug
alexeev,alexeevit
alexelcu,alexelcu
AlexGascon,AlexGasconB
alexgc,literatechie
alexhifer,alexhifer
alexiskandersen,AlexisKAndersen
alexross,arosspie
alexrothenberg,alexrothenberg
alex_simonov,ceo_simonov
alexsuzume,alexsuzume
alextran,byalextran
alexventuraio,alexventuraio
AlexWayfer,AlexWayfer
alexzicat,alexzicat
alfonsojimenez,alfonsojimenez
alfredormz,alfredormz
algobot76,algobot76
alibby,alibby
alicialsantiago,alicialsantiago
aligatr,aligatr
alindeman,alindeman
alissonbrunosa,alissonbrunosa
alitaso345,alitaso345
allanbreyes,allanbreyes
allejo,allejome
allenan,allenan_
allen-ninja,_allen_ninja
ALloydFlanagan,lloyd_flanagan
almirsarajcic,almirsarajcic
alpha22jp,alpha22jp
alq,alq
Alroc,Alroc
AlSayedGamal,alsayedgamal
alsemyonov,alsemyonov
altadata,altadataio
alto,enebo
alu0100893861,jaimeroger
alxibra,alxibra
amake,amadlonkay
amancevice,smallweirdnumber
amarildolucas,amarildojclucas
amarthadan,amarthadan
amasses,amasses
amatriain,amatriain
a_matsuda,a_matsuda
amcaplan,amcaplan
amdprophet,amdprophet
americodls,americodls
amerine,amerine
amihaiemil,amihaiemil
amirhosein_zlf,amirhosein_zlf
amitizle,amitizle
amkumar,amitk030
ammoready,ammo_ready
amogil,mogilnikov
amorde,_amorde
amrdruid,AmrDruid
amro,amdev
ana06,anamma_06
anacastro,anafrombr
anand-bait,anand_bait
anasybal,anasybal
anderscarling,lowe
anderslemke,anderslemke
andersonfernandes,andersonf00
andersonR,50nand3r
andmorefine,andmorefine
andreasknoepfle,andreasknoepfle
andreeadincu,andreeadincu
andrefarzat,andrefarzat
andreimaxim,rockatanescu
andreleoni,a_luizleoni
andrerpbts,andrerpbts
andrewarrow,andrewarrow
andrewhaines,am_haines
andrewmcodes,andrewmcodes
andrewnez,teabass
AndrewRadev,AndrewRadev
andreynering,andreynering
andreypetrov,andreythegeek
andreyuhai,andreyuhai
andrhamm,andrhamm
andrius,andrius_kai
Andromeda,DevAndromeda7
andru1989,andru_1989
andy-pearson,andypearson
andypiper,andypiper
andyroberts_uk,andyroberts_uk
andys,andy_snow
andytechdad,andytechdad
andyw8,andyw8
angela,AngelaGuette
angelkar,ang3lkar
angellist,AngelList
angelmm,_angelmm
anhari,michaelanhari
animatedgif,MarkIvanAllen
anirbanmu,anirbanmu
ankitgupta,AnkitGupta_89
ankurgoel,ankurgel
anlek,anlek
annawinkler,flexlingie
aNoble,codenoblellc
anrichter,anrichter
anshul-io,_anshulk
anthcor,anthcor
anthonygreen,anthonycgreen
anthonykalu,kalutweets
antimon2,antimon2
antnettleship,antnettleship
AntoAngelino,AntoAngelino
antodoms,antodoms
anton_davydov,anton_davydov
antonioricardof,antonioricardof
antorkhan,cs_antorkhan
antstorm,antstorm
antsuke42,antsuke42s1
anuja-joshi,joshibaai
anyelopetit,anyelopetit
aoisensi,aoisensi
aomathwift,aomathwift
aoozdemir,aoozdemir
aotianlong,aotianlong
aparande,parandea1_7
apfohl,andreaspfohl
apfritts,apfritts
apollographql,apollographql
apostergiou,apostergiou
appcanary,appcanary
appfolio,AppfolioEng
appsters,appsters
ApptuitAI,ApptuitAI
apradillap,apradillap
arandilopez,arandilopez
arbonap,queerpat
Arcadio,fr_arcadio
arcdigital,arcdigital
arctsdev,ARCTS_UM
ardarda,ardazizek
arecker,alex_recker
areguera,AlainReguera
aren55555,aren55555
argroch,ar_groch
aridlehoover,aridlehoover
ARIN,TeamARIN
arjundandagi,arjundandagi
arjunghimire,Arjunrazz0714
arkadiyt,arkadiyt
arkency,arkency
arkham,arkham
armahillo,armahillo
armandfardeau,armandfardeau
armchairtheorist,armchairdude
armstrjare,armstrjare
arnklint,arnklint
arnoldfungai,arnoldfungai
ArsenBespalov,ArsenBespalov
arsley,arsley_
arthr,arthrfrts
arthurmde,arthurmde
artikcloud,artikcloud
arto,bendiken
artur99,artur99
arturocadena,arturocadena_
arturoherrero,ArturoHerrero
ArturT,ArturTrzop
arturusfury,arturusfury
arvados,arvados
arvind02,arvind_singh02
arwhyte,arwhyte
asaaki,asaaki
asanghi,asanghi
asarih,hiro_asari
asenchi,asenchi
Ash,AshleyPConnor
ash1day,ash1day
ashawley,aaron_s_hawley
ashfurrow,ashfurrow
ashie,Takuro_Ashie
ashirazi,ruby_slinger
ashishgarg,aashishgarg
ashishprajapati,codingnightmare
ashmckenzie,ashmckenzie
ashusvirus,ashusvirus
asimpson,a_simpson
aslakhellesoy,aslak_hellesoy
aslan,aslanbrooke
asmallteapot,asmallteapot
aspyatkin,aspyatkin
astrolince,astrolince
a-suenami,a_suenami_en
asuforce,asuforce
asux,asux
atchyutn,atchyutn
atd,atapiador
AtelierClockwork,atelierclkwrk
Atem18,atem18
aterreno,javame
athal7,athal7
athityakumar,athityakumar
Atille,atille
atomaka,atomaka
AtomicJolt,atomicjolt
atongen,atongen
atozzz,atozzzatozzz
Atrox,AtroxDev
atsui,alextsui
atsutopia,atsutopia
attilagyorffy,attilagyorffy
atton,_atton
atul9,atul1b
atwam,atwam
atyndall,atyndall
auditapi,auditapi
aufi,auficz
aupajo,aupajo
aurangzaib_danial,aurangzaib_dani
aurelian,ao12
aurels,aurels
austinthecoder,austinthecoder
AustinXtreme,Smexyaxtr
autopp,AuToPP
auxesis,auxesis
Auxilus,auxilus_
avamia,avamiahq
avdgaag,avdgaag
avdi,avdi
avdlee,twannl
avellable,avellable
avijayr,avijayr1
avik-das,the_avik_das
avinashbot,avinashbot
avlos,avlos_tech
AvmnuSng,avmnusng
avsej,avsej
awead,amsterdamos
axic,alexberegszaszi
axw,yayxw
ayanga,_ayanga_
ayoy,ayoy
ayu,colour
ayumitamai97,ayumitamai97
ayyfish,ayyfishh
AzadehAfzar,azadehafzar
azemoh,josh_azemoh
azohra,justinbwatts
azuchi,techmedia_think
azumakuniyuki,azumakuniyuki
B1nj0y,B1nj0y
ba068082,kawamataRyo
baarde,baarde
babasbot,babasbot
badmonkeydev,thebadmonkeydev
BadPixxel,BadPixxel
bak1an,anonymous_joe
BakaSoniji,BakaSoniji
bake0937,okabeeeat
balabharathijayaraman,balabharathijay
balki,balki
Banana,crazyphage
barbolo,barbolo
barbosa,gustavocsb
barnardos,barnardos
barnett,barnettlklane
barrettclark,barrettclark
bartkozal,bartkozal
bartoszblimke,bartoszblimke
base10,base10
bastienrobert,bastienrbt
battlemidget,battlemidget
bauglir,joriskraak
baweaver,keystonelemur
bayevels,bayevels
bb_aaron,aaronnamba
bbcoimbra,bbcoimbra
bbugh,brainbag
bcarreno,bcarreno
bcoelho,4brunu
bcook,busterbcook
bdmac97,bdmac97
bdmade,tanbir2025
bdotu,bdotu
bdougie,bdougieYO
beagleknight,beagleknight
bear454,bear454
bearer-engineering,bearerSH
beauby,lucas_hosseini
becojo,becojo
bedrich,bedrich
BeejLuig,BeejLuig
BeepDog,beepdog
bejoistic,bejoistic
bekti,rmsubekti
belfazt,belfazt
belion,belion78145228
BenAubin,BenAubin_
benbalter,benbalter
benbarber,benbarber
benbjurstrom,benbjurstrom
bencrouse,bencrouse
ben_greenberg,rabbigreenberg
benjaminjrobin,benjaminjrobin
benjaminwil,benjaminwil
benjaminwood,benjaminwood
benlangfeld,benlangfeld
benmanns,benmanns
Benoit_tgt,benoit_tgt
benolee,markov_twain
benpickles,benpickles
bensonk,bensonk42
benzado,benzado
bergholdt,rbhander
berkmancenter,bkcharvard
bermannoah,additionaltext
bess,eosadler
bestguigui,bestguigui
bestony,xiqingongzi
betacar,betacar
betogrun,betogrun
bezrukavyi,bezrukavyi
bfolkens,bfolkens
bfontaine,bfontn
bgentry,blakegentry
BGM,BGMP0021
bharget,hargettly
bibendi,bibendi_one
bibrahman,bibrahman
bibstha,bibstha
bigbluebutton,bigbluebutton
BijoySijo,Bjoysijo
BilalBudhani,bilalbudhani
BillyRuffian,thebillyruffian
birdie0,birdie0
bitbd,BitBD
bitboxer,bitboxer
bitcrowd,bitcrowd
bitesite,bitesite
bitfield,bitfield
bitfinex,bitfinex
bitflingr,bitflingr
bitodeme,bitodeme
bitpay,bitpay
bjeanes,bjeanes
bjjb,bjjbuckley
bklang,bklang
bk_powers,bk_powers
bksuperking,bksuperking
BlackDuckOpenHub,bdopenhub
blackst0ne,blackst0ne
blacktm,blacktm
blakeprudhomme,prudhomme
blake_yoder,blakeyoder
blaknite,blaknite_
bleonard,bleonard
blindsidenetworks,blindsidenetwks
blithe,blithe
blooper05,blooper_L
blueberrystream,blueberrystream
Bluebie,Bluebie
bluegod,jlopezofficial
bm5k,bm5k
bmcco,btmccollum
bmclean,mclean_bryce
bmedenwald,bmedenwald
bmerkki,erkkie
bmjen,wowsuchbryan
bmo,b_mo
BMorearty,BMorearty
bmuller,bmuller
bnferguson,bnferguson
BobbyMcWho,bobbymcwho
bobfirestone,bobfirestone
bob_levups,bobmaerten
bodacious,morricegavin
bodrovis,bodrovis
bodsch,schulzbo
boffbowsh,boffbowsh
bogdanvlviv,bogdanvlviv
bohassian,Bohassian_
bolmaster2,joellarsson
bonusly,bonusly
booink,Booink4
BookOfGreg,bookofgreg
boost,boostnewmedia
borfast,borfast
borisrorsvort,borisrorsvort
bornemannjs,bornemannjs
bouk,BvdBijl
bourgui,bourgui
boyvanamstel,boyvanamstel
bozhidar,bbatsov
bploetz,BrianPloetz
bpo,borourke
bqst,bqsttp
brad,bradgessler
bradbarkhouse,mysportsfeeds
bradfeehan,bradfeehan
bradleybeddoes,bradleybeddoes
bradpotts,bradpotts
bradurani,bradurani
brainbeanapps,brainbeanapps
brandonbango,brandonbango
brandonhilkert,brandonhilkert
brendan,usergenic
brenoholiveira,brenoholiveira
brentgreeff,brentgreeff
brenthargrave,brenthargrave
brentm5,brentm5
brentsowers1,sowersb
Breq,breqdev
brettinternet,brettinternet
brewster1134,brewster1134
brianjfox,brianjfox
brianleroux,brianleroux
brianmario,brianmario
brianp,brian_pearce
brianp_,brian_pearce
bricesanchez,bricesanchezcom
bridgetownrb,bridgetownrb
brightbox,brightbox
brint,brintly
brkattk,brkattk
brkkyk,brkkyk
brnnkt,brnnkt
brodock,brodock
brodyhoskins,brodyhoskins
broothie,broothie
brugidou,brugidou
brunoarueira,bruno_arueira
brunojppb,bpaulino0
bruno-schmidt,brunoschmello
brutuscat,brutuscat
bryanjen,wowsuchbryan
bryanp,bryanp
bsao,bsao
bschwartz,brendan
bsharpe,bsharpe
bsoares,bsoares
bstopp,StoppThinking
bthooper,bthooper
btlouvem,bruno_louvem
btm,btmspox
bugtender,bugtender
bukowskis,bukowskis
bumi,bumi
Bunlong,bunlongvan
buraksenyurt,burakselyum
burguer,burguermxl
burkelibbey,burkelibbey
burtlo,franklinwebber
button,button
buty4649,buty4649
bvogel,booveman
bwbuchanan,bwbuchanan
byscontrol,byscontrol
ByteSizeMagic,ByteSizeMagic
bzf,andreligne
caarlos0,caarlos0
caiocutrim,cacutrim
caius,caius
calebhearth,caleb_hearth
calleerlandsson,calleerlandsson
Calyhre,Calyhre
cameronbroe,cameronbroe
camertron,camertron
camillevilla,effusivelynerdy
CAMPHOR-,CamphorKyoto
can_eldem,c_eldem
canmor,canmor
cannikin,cannikin
cantrellnm,cantrell_nm
capicue,capicue
capripot,capripot
captn3m0,captn3m0
captproton,captproton
carakan,carakan
carhartl,carhartl
carlos_paramio,carlosparamio
carlos_ynab,cantoniodasilva
carlweis,carlweisjr
carp,carpgezwitscher
caseyli,caseyli23
caseywatts,kyloma
CastleIO,Castle_io
catchandrelease,catchreleaseinc
catia3045,catia3045
cat_in_136,cat_in_136
catwell,pchapuis
cavalle,cavalle
cavneb,coderberry
cayblood,cayblood
cbaclig,cbaclig
cball,cball_
cben,pyzza
cbetta,cbetta
cbisnett,chrisbisnett
cbortz,cbortz
ccarneiroj,ccjr
ccollins,inanedrivel
ccope,maccam94
cdaloisio,chrisdaloisio
cdmo,cdmo
cdmwebs,cdmwebs
CDNsun,CDNsuncom
cdrrazan,cdrrazan
ceccec,ceccec
cedarcode,cedarcode
cedretaber,cedretaber
ceemion,ceemion
celikbe,celikbe
celilileri,serhatcileri
certilremy,certilremy
Cervajz,C3rvajz
cestreich,cte
Ceud,ceudonym
cfillion,cfillion30
CGA1123,CGA1123
ch3rub1m,_ch3rub1m
chad_bowtie,chadperson
ChadMoran,ChadMoran
chalien,_chalien
champierre,jishiha
chancancode,chancancode
chancefeick,chance
ChaosCoder,ChaosCoder
ChaoticBoredom,ChaoticBoredom
chargio,sergioocon
charliemcclung,charlesmcclung
chase0213,_c_hase
ChayaDeaver,chayadeaver
cheerfulstoic,cheerfulstoic
cheeseplus,cheeseplus
cheezy,chzy
cheshire137,cheshire137
Chew,ChewCraft
chezou,chezou
chiclasico,chiclasico
chiefpansancolt,chiefpansancolt
Chihiro,alicemacs
chilts,andychilton
Chip,chip_roberson
chloerei,chloerei
chocoby,cho_co
chr0n1x,kickdakran
chrisarcand,chrisarcand
chrisbloom7,chrisbloom7
chrisdpeters,chrisdpeters
chrisenytc,chrisenytc
chrisevett,chris_evett
chrisfrank,cgf_is
chrisguindon,chrisguindon
chrishoffman,hoffmancs
chrisjm,chrisjm
chrisk,kampers
chriskacerguis,chriskacerguis
chrismaximin,chrismaximin
chrismear,chrismear
chrismytton,chrismytton
chriso,thechrisoshow
chrisortman,chriso
chrisrhymes,chrisrhymes
christianezeani,christianezeani
christianhansen,chrhansen
christopherhein,christopherhein
christospappas,christospappas
christy743,cmchronister73
chronicc,le_steinert
CHTJonas,CHTJonas
chunlea,chunlea
chznbaum,chznbaum
cilim,MarkoCilimkovic
cimnine,cimnine
cincospenguinos,andreCLaFleur
cirosantilli,cirosantilli
cisco-zeus,zeuscisco
citrusui,citrusui
cjav_dev,cjav_dev
cjilbert504,collinJilbert
cjupdike,ceejup
ckona,ckona
ckruse,cjk101010
cktaylor,cktaylor_se
claudiosanches,claudiosmweb
claylo,claylo
clearloop,udtrokia
clemensk,clemensk
clettenberg,clettenberg
clickclickonsal,clickclickonsal
cliff76,cliftonc76
cliffbraton,cliffbraton
ClikeX,ClikeX
Cloud66,cloud66
cloudsight,cloudsightapi
cmason,cmason
cmiller36,CalMiller36
cmunozgar,cmunozgar
cnosuke,cnosuke
coar,TheRoUS
cobafan,cobafan
cococoder,cococoder
code-andres,andres_code
codebeige,codebeige
codecell,the_codecell
codecodifier,codecodifier
codegram,codegram
codekarma,codekarmadev
codeminer42,codeminer42
codemunkii,codemunkii
codenamedmitri,codenamedmitri
codeodor,codeodor
codereflection,codereflection
coderjoe,coderjoe
coderzhaoziwei,coderzhaoziwei
codeship,codeship
codespore,codespore
coding-bunny,NekoNova
CodingItWrong,CodingItWrong
codykrieger,codykrieger
codytwinton,codytwinton
coffeejunk,coffeejunk
coffeepunk,coffeepunk
coffeetocode,coffeetocode
cogini,cogini
colebemis,colebemis
colinframe,_colinframe
colinsurprenant,colinsurprenant
Colisweb,Colisweb
collabital,collabital
colorbox,color_box
colspan,colspan
colstrom,ChrisOlstrom
colszowka,thedeadserious
composerinteralia,dodecadaniel
compropago,compropago
computalya,computalya
Conekta,conektaIO
conreality,ConrealityGame
contribu,ai_mastering
Convincible,BeConvincible
coogie,coog_ie
cookiefission,cookiefission
cookieshq,thecookieshq
copperegg,copperegg
copyleaks,Copyleaks
corck,corck
coremai,coremai
corey_s_,corey_s_
corocn,corocn
corytheboyd,corytheboyd
cosmo0920,cosmo__
cossacklabs,cossacklabs
cotes,cotes2020
Courier,trycourier
cowboyd,cowboyd
cpjolicoeur,cpjolicoeur
cplanas,crplanas
cpuchain,cpuchain
crafterm,crafterm
craftyphotons,craftyphotons
CraigBuchek,CraigBuchek
CraigCottingham,CraigCottingham
craigphares,craigphares
cratchit,cratchit
crazymykl,crazy_mykl
cr_is7ian,cr_is7ian
cristianrasch,cristianrasch
cristianstu,cristianstu
criteo,criteo
crojasaragonez,crojasaragonez
crondaemon,crondaemon1
Crosse,crosse3
crosspass,crosspass
CrowdHailer,crowdhailer
crowtec,crowtec
Cruikshanks,AlanCruikshanks
crush-157,ewanslater
cs50,cs50
csanchez,csanchez
csarva,csarva
cschiewek,cschiewek
cschroed,app47
cselmer,cselmer
cserradag96,cserradag96
cshtdd,cshtdd
ctkrecords,ctkrecords
ctreatma,ctreatma
cuentica,cuentica
cupnoodle,soulchildpls
curiousdev,josephpbourne_
curtis,curtism
CvX,CvX
cwchen,cwchentw
cwojno,wojno
cyantis,c_yantis
Cyclid,cyclidci
cycloawaodorin,cycloawaodorin
cyclotron3k,cyclotron3k
cymen,cymen
cyri_,cyri_
cyrusstoller,cyrusstoller
d0p1,h4d0p1
D1ceWard,D1ceward
da2x,DaAleksandersen
dacoxall,freakyDaz
dadario,dadario
dafyddcrosby,dafyddcrosby
DaiAoki,DaiAoki30
daichirata,daichirata
daido1976,daido1976
DailyPay,DailyPay
dallasgriff,dallasgriff
dalma,dalma
dalmir,dalmirdasilva
dalpo,dalpo
Damacus,dan_webb
Damian,damian
damianf,decryptsea
damianlegawiec,damianlegawiec
damog,mrdamog
damoon_,_damoon
dan1_net,dan1_net
danbarber,_danbarber
danbelling,dan__irl__
danbuckland,danbuckland
dangercove,dangercove
danhorst,danhorst
danhper,danhper
daniebker,daniebker
danielgroves,danielsgroves
danielkacz,danielkacz
danielkiedrowski,thekie
danielknell,danielknell
danielleadams,adamzdanielle
danielma,personunsure
danielmorrison,danielmorrison
danielparks,daemonhoarse
danielpassos,passos
danielricecodes,danielricecodes
Danielshow,d_showWorld
danieltdt,danieltdt
danirod,danirod93
dankim,dankimio
dannysmith,dannysmith
dannyvassallo,dannyftf
danp,danp128
danrabinowitz,danrabinowitz
danschmidt5189,DanSchmidt
danso,dancow
danteay,dantedeveloper
Darhazer,Darhazer
darkhelmetlive,darkhelmetlive
darkkowalski,DarkKowalski
darkphnx,darkphnx
darthjee,darthjee
data0x200,data0x200
datacite,datacite
datarockets,datarockets
datasift,datasift
dathagerty,dathagerty
davea,_da_ar_
davejkiger,ImprobableDave
davelens,davelens
davetapley,davetapley
davetron5000,davetron5000
david942j,david942j
davidbarral,davidbarral
davidcelis,davidcelis
davidcollom,davidcollom
davidcortes,davebcn87
DavidDarnes,DavidDarnes
davidesantangelo,daviducolo
david_francois,Bitcoin_Central
davidgundry,davegundry
DavidKar1uk1,David_J_Kariuki
DavidPaniz,davidpaniz
davidrobles,davidrobles
DavidS,dev_el_ops
davidsonts,davidson_code
davidstosik,davidstosik
davirlein1988,DAVIRLEIN
dav_yaginuma,dav
DaylightingSociety,DaylightingSoc
dayves,dayvesr_dias
dazoakley,dazoakley
dazuma,danielazuma
dblandin,dblandin
dblessing,drewblessing
dblock,dblockdotorg
dbock,bokmann
dcam,dcam_sf
dchelimsky,dchelimsky
dciccale,dciccale
dcolebatch,dcolebatch
dcreager,dcreager
dcsg,_dcsg
ddonche,totaldanarchy
deadshot465,tetsuki_syu
deanpcmad,deanpcmad
deanwampler,deanwampler
dearshrewdwit,dearshrewdwit
decathlon,decathlondev
dedebadru,dedebadru
deedee_lavinder,ddlavinder
DeeMak13,deemak13
deepflame,deepflame
defeated,DefeatEd
deghady,AssemDeghady
degrowth2018,ldco2016
deiga,deiga
deivid,DeividAsdf
dekablade01,dekablade01
delagoya,delagoya
delano,solutious
delner,davidelner
delphaber,delphaber
DelphiumGreen,DelphiumGreen
delsonlima,delsonlima01
delubiod,delubio
delynn,delynn
deme0607,deme0607
demophoon,demophoon
denissellu,denis_sellu
denmarkmeralpis,jandenmarkm
dennisbot,dennisbot
densya203,densya203
dentarg,dentarg_
derekprior,derekprior
derjohn,derjohn_himself
desiredpersona,desiredpersona
desire_rawr,desire_rawr
Deulamco,deulamco
DeuterGraves,bypuck
dev-4,dev4gaming
DevDungeon,thedevdungeon
DevFatani,DevFatani
DevinCodes,DevinCodes
DevpostTech,devpost
Devsbrain,devsbrain
devunwired,devunwired
dgmstuart,dgmstuart
dgobaud,dgobaud
dgoodlad,dgoodlad
dgyesbreghs,dylangyesbreghs
diathesis,geoffreywiseman
digipolitan,Digipolitan
digitalextremist,_de
digitalocean,digitalocean
digitalronin,digitalronin
DigitalSparky,DigitalSparky
dignoe,dignoe
diligasi,Diligasi
dillonhafer,dillonhafer
DimoMohit,mohitdutta33
dinedal,dinedal
dineshkumar,dinesh_kumar_b
dingsdax,dingsdax
dinjas,dinjas
dinosimone,dinossimone
dinukadesilva,ldinukadesilva
diogot,diogot
DirtyF,FrankTldr
discourse-rubygems,discourse
diskshima,diskshima
dissolve,dissolve333
dixiS,alxmora_
djbender,djbender
djcp,djcp
Djeison,jason_selzlein
djezzzl,EvgeniyDemin
djGrill,djGrill
djpowers,dave_powers
djsounddog,JoshFGilmore
djvdhoef,gamer_xiotin
dkinzer,dtkinzer
dkubb,dkubb
dlackty,dlackty
dlindahl,oif_vet
dlo,dwlz
DMA57361,DMA57361
dmitryrck,dmitryrck
dmitryzuev,dzuev
dmke,_dmke
dmurphy,__dmurphy__
DmytroVasin,VasinDmitriy
dnkoutso,dnkoutso
docbratta,docbratta
dockyard,dockyard
docwhat,docwhat
dodonki1223,dodonki1223
dogweather,dogweather
doloreszhang,doloreszhang
domcorvasce,domxcorvasce
dominicsayers,dominicsayers
dom-mc,_dom_mc
donasktello,donasktello
donbobka,donbobka
donbowman,donwaterloo
donv,donv70
doodersrage,doodersrage
dorentus,dorentus
dorianmariefr,dorianmariefr
doriantaylor,doriantaylor
dot,_dot
dotboris,dotboris
dotpegaso,dotpegaso
douard,egarciacastello
doublemarket,dblmkt
doug67,DougSeifert
dougbeney,dougbeney
douglaswth,douglaswth
dounokouno,dounokouno
doxavore,doxavore
doximity,dox_engineering
doximity-ci,dox_engineering
dpaluy,dpaluy
dpassen,thedpassen
dprandzioch,__davd
dramalho,dramalho
dray,draylacy
drblinken,drblinken
drbrain,drbrain
dreamingechoes,dreamingechoes
dreger,dreger
dreimannzelt,dreimannzelt
drewtempelmeyer,tempelmeyer
DriftwoodJP,DriftwoodJP
drish,carlosderich
driv3r,zalesz
drkpkg,drkpkg
drnic,drnic
drnluz,drnluz
drobakowski,davidrobakowski
drouten,derProgrammer
dr_selump14,dr_selump14
drusepth,drusepth
dry-bot,dry_bot
drydevelopment,doug_yoder
dszeto,kpszeto
dtao,dan_tao
dtrabandt,cHaOs667
dubek,dubek
duck8823,duck8823
duckinator,duckinator
duderman,kolka_bog
duduribeiro,duduribeiro
dukeoflaser,dukeoflaser
duksis,duksis
dumasolivier,olivier_dms
dunyakirkali,dunyakirkali
duodealer,duodealer
duraki,devil_tux
dustywusty,dustywusty
duxet,duxet
duy,helloduy
duyleekun,duyleekun
dvandersluis,dvandersluis
dvinciguerra,dvinciguerra
dvisockas,dvisockas
dvrensk,dvrensk
dwbutler,davogones
dwestendorf,dwestendorf
dwilkins,dwilkins
dwradcliffe,dwradcliffe
dx7,rafaeldx7
dyesiboy,DyesiArevalo
Dynatrace,Dynatrace
DynatraceMobileAgent,Dynatrace
dyskun,dyskun
dzaporozhets,dzaporozhets
dzhlobo,dzhlobo
dzunk,bsdzunk
ea-dev,emailage
eadz,eadz
eahanson,eahanson
earaujoassis,earaujoassis
earendil95,earendil_code
easbarbosa,easbarbosa
EastAzy,EastAzy
easypost,EasyPost
ebababi,ebababi
ebyhr,ebyhr
ecelis,celisdelafuente
echos,echos
ecnelises,ecalapa
ecomba,ecomba
ecpplus,ecpplus
edalmeidajr,ed_de_almeida
eddiezane,eddiezane
eddy_shure,EddyShure
edgar,edgar
edmundleex,edmundleexz
ed-packet,vielmetti
edporras,edporras
edthamm,edthamm
edvakf,edvakf
efrainperezjr,Efrain_P_Jr
egelnoteagle,degel55
eggplants,egpl0
egze,egze
ehsj,ehsj
eileencodes,eileencodes
eimaj,eimaj
eiskrenkov,eiskrenkov
ekowcharles,caboadu
elado,elado
elailai94,elailai94
Elaoin,_elaoin
elconas,BugBuster666
elcondor,elcondor
elct9620,elct9620
eldadfux,appwrite_io
eleanorakh,eleanorkh
electrofelix,electrofelix
elia,elia
elias19r,elias19r
eliavlavi,eliavlavi
elibiz443,oambet
Elisson357,Elisson357
eliza,elizabrock
elliottminns,elliottminns
elmassimo,MaximoMussini
eltercero,eltercero
elthariel,find_lta
elyseewing,esdougherty
emad-elsaid,emad__elsaid
embs,embs
emcorrales,em_corrales
emerak,emerak
emilbogren,bogrenemil
emiliano,emilianodc
emilkampp,ekampp
emin100,emin_100
emmahsax,emmahsax
emmakalexandra,emmasnowpiles
emono,emono_dev
empact,Empact
emptyflask,emptyflask
endocrimes,endocrimes
endofunky,endofunky
eneskorukcu,eneskorukcu
eniac111,eniac111
enortham,enortham
Envato,envato
Envek,Envek
envygeeks,envygeeks
enzirion,enzirion
eonu,edwinonuonga
eos,eosdesignsystem
epaew,epaew_dev
epages,epagesdevs
eparreno,eparreno
epfeen,epfeen
ephracis,ephracis
epintos,egpintos
eponce19,eeveponce
epool,eduardo_pool
eppo,fmonbillard
epsagon,epsagon
ercollao,ercollao
erebor,erebor
eredi93,eredi93
ergoserv,ergoserv
ericbinek,ericbinek
Eric-Guo,ecguo
EricHogue,ehogue
ericmann,ericmann
ericraio,ericraio
ericweinstein,ericqweinstein
erikcameron,erikcameron
erikdahlstrand,erikdahlstrand
erikmadsen,beatmadsen
ErisDS,ErisDS
eritbh,eritbh
erjohnso,erjohnso
erlingur,erlingur
erolms,ezavidic
eronisko,ErnestWalzel
erpe,er_pe
errakeshpd,errakeshpd
errm,_errm_
ErvalhouS,ErvalhouS
erwindosianipar,erwindosianipar
es,EmilStolarsky
esebastian,esebastian
Esity,iversonm
eslam,EslamElHusseiny
esparta,esparta
estebanz01,estebanz01
estum,estum_a
etagwerker,etagwerker
etdsoft,etdsoft
ethanbevans,eethanevans
ethnt,ethnt
etiennebarrie,bihi
EtienneDepaulis,EtienneDepaulis
etscrivner,etscrivner
eugene_dubovoy,kyivmetroalerts
eugeneius,eugeneius
EuphoriaRay,EUPHORAY
euxn23,euxn23
evaldas,evaldasgru
evaneykelen,hackteck
evanleck,evanleck
evanscloud,evanscloud
everypolitician,everypolitbot
evgenygarl,evgenygarl
evilmarty,evilmarty
EvilTrout,eviltrout
exAspArk,exAspArk
excid3,excid3
excpt,excpt
exybore,exybore
ezkl,ezkl
f4ryn,4fryn
fabasoad,fabasoad
fabienpenso,fabienpenso
fabiob,fabiobatista
FabioMux,FabioMux
FabioRosado,FabioRosado_
fabpopa,fabpopa
fadli,Xi_Fadli
fagripa,FGAgripa
fakenine,fakenine_
Falkor,svarrette
faloi,faloi
fanahova,fanahova
fanjieqi,fanjieqi
Farhad,0x2C6
fariz,filosofikode
farzy,Farzy
FatboyPunk,fatboypunk
faun,faunzy
fauna-bot,fauna
fcalderon,fercalderonra
fdeschenes,fdeschenes
fdoxyz,fdoxyz
federicojm,federicojm
fedotov,maidendigital
felipec,felipec
felipecsl,felipecsl
felipediesel,felipediesel
felipeelias,felipeelias
felipefontoura,felipefontoura
ferblape,ferblape
ferdi2005,ferdinando2005
fermion,fermion
fernandoalmeida,fernandoalmeida
fernandocarletti,nandocarletti
fernandomrtnz,fernandomrtnz
fernandopasik,fernandopasik
ferperales,ferperalesm
ferrerluis,TheCataluist
fesuydev,fesuydev
fgbulsoni,fgbulsoni
fhenneke,fhenneke
fiach,webtropy
fifiteen82726,fifiteen82726
figo,figoAPI
filippoliverani,filippo
financeit,financeit
finbarr,finbarr
firstdraft,firstdraft_com
fishpercolator,fishpercolator
Fito,fitovonzastrow
fjzink,fjzink
fkraeutli,fkraeutli
fkzm,284km
flameeyes,flameeyes
FLarra,FLarraa
flash-gordon,NikitaShilnikov
flavianohonorato,vicohonorato
flavio,flavio_castelli
flavorjones,flavorjones
flexport,flexporteng
flippakitten,flippakitten
flood-io,flood_io
floppy,floppy
florentmorin,florentmorin
floriandejonckheere,fldjonck
floriannitschmann,TheNitscher
FlorinPopaCodes,FlorinSays
flowdock,flowdock
fluorine,fluorinestudios
flurin,flurin
flyinprogrammer,flyinprogrammer
f-mer,_fmer
fnando,fnando
fnichol,fnichol
fnmendez,_francomendez
fnorbert,NorbertForman
fnordfish,fnordfish
fomo,usefomo
foospidy,foospidy
formigarafa,formigarafa
fourforges,4forges
fpariani,fps19_
fperezsorrosal,fperezsorrosal
fphilipe,fphilipe
fpsvogel,fpsvogel
fqqdk,fqqdk
fr0l,_fr0l
franccesco,__franccesco
franciscoj,nflamel
franckverrot,franckverrot
francois2,francois2metz
frankjmattia,frankjmattia
franklinjosmell,franklinjosmell
frankreno,frankreno
frapposelli,fabiorapposelli
frbl,frbl
freaky,blaagh
FrederickJohn,FiatCrisis
frederikspang,frederikspang
fredgeorge,fgeorge52
fredoliveira,f
FreeApophis,FreeApophis
freeformz,freeformz
freelancing_god,pat
freizeitnerd,freizeitnerd
fresskoma,fresskoma
fritzhut,fritzhut
froala,froala
frohoff,frohoff
frontimax,code_butler
Fryguy,Fryguy9
fsaravia,fedesaraviab
fschwahn,fschwahn
fshin1988,fujishin05
fteem,fteem
fuadsaud,fuadsaud
fudanchii,fudanchii
fujikky,fujikky
fuji-nakahara,fuji_nakahara
fukuiretu,fukuiretu
fulgorek,fulgorek
FUMI,ELSOUL_INC
funaota,dev_funaota
funbox,funbox_team
FundAmerica,fundamerica
FundingCircle,FC_Engineering
fursich,fursich0
futurechimp,futurechimp
fwal,_fwal
fwigorcferreira,icastanheda
fwuensche,fwuensche
fx,effekt
fxm90,_fxm90
fxn,fxn
fzf,fzf
g13ydson,g13ydson
G1N,ibubeeboo
g3ortega,g3ortega
ga6ix,ga6ix
gaborbata,gabor_bata
gabrielpedepera,gabrielpedepera
gaebel,jgaeb_
gaga5lala,gaga5lala
galliani,_galihm
ganmacs,ganmacs
garethr,garethr
garethrees,_gareth
garrettdimon,garrettdimon
garyf,garyfleshman
garygj,GaryGJohnson
gaurav2728,gaurav2728s
gavmor,MrAgingNova
gazay,gazay
gazayas,gazayas
gblakeman,gblakeman
gblaszczyk,gblaszczyk
gborges,gborgespt
gcaixeta,gcaixeta
gdelugre,lapinhib0u
gearnode,gearnode
ged,rubymage
gederson,gedersonch
geekontheway,geekontheway
geekq,enterprise_geek
geeksam,geeksam
geekscruff,julieallinson
geewiz,geewiz
gen-arch,Gen_Arch
GeneBean,technicalissues
genya0407,genya0407
geordee,geordee
georgeclaghorn,georgeclaghorn
georgedrummond,georgedrummond
georgeguimaraes,georgeguimaraes
georgemandis,georgemandis
gep13,gep13
gergnz,gergnz
gerhardlazu,gerhardlazu
gerrit,gerrit
gerryster,gerryster
gertimon,gertimon
getgauge,getgauge
gettalong,_gettalong
getty104,getty104
gfx,__gfx__
ggarnier,gpgarnier
gguuss,gguuss
ghaabor,ghaabor
ghfeil,geo_feil
GHKEN,gendaihyousyou
ghoneycutt,_ghoneycutt
gianargamosa,agargamosa
Gianfranco97,gianfrancogesu
gierschv,flat_io
giginet,giginet
gilesdotcodes,gilesdotcodes
giosakti,giosakti
giuse,giuse_tweets
gkellogg,gkellogg
glacials,glcls
gmaliar,flawless_retard
gmcabrita,gmcabrita
gmcintire,gmcintire
gmontard,g_montard
gnclmorais,gnclmorais
gocardless,gocardlesseng
godfat,godfat
GoGoCarl,GoGoCarl
gojektech,gojektech
gollahon,danielgollahon
goloce,ur1405
goltergaul,goltergaul
gonzedge,gonzedge
goodjobbin85,dubiel_thomas
gorails,gorailsbr
gordonbisnor,gordonbisnor
gorenje,gorenjee
GoYomE,GoyomeC
gpaddis,gpaddis
GR33N_H4Z3,GR33N_H4Z3
Gr3atWh173,gr3a7wh173
grahamleslie,grahamleslie
grantspeelman,grantspeelman
grapplerulrich,grapplerulrich
grassiricardo,grassiricardo
gravitystorm,gravitystorm
graylog,graylog2
gregawoods,gregawoods
gregbeech,gregbeech
gregdonald,gdonald
gregnavis,gregnavis
gregogalante,gregogalante
gregstoll,gregstoll
grekko,grekko
grempe,grempe
greysteil,greybaker
grindcrank,grindcrank
grobie,dagrobie
groe,begroe
grossadamm,grossadamm
gruis,calebcrane
grzuy,grzuy
gshutler,gshutler
gtmanfred,gtmanfred
gudmundur,gudmundur
gueorgui,gueorgui
guidespark,guidespark
guido_schweizer,Squishibutz
guieevc,guieevc
guilhermef,gvideo
guiocavalcanti,guiocavalcanti
guitsaru,guitsaru
gullitmiranda,gullitmiranda
gunesmes,gunesmes
gunthercox,gunthercox
gustavoquinalha,gustavoquinalha
gworley3,gworley3
h1kita,h1kita
h1manoa,h1manoa
h3poteto,h3_poteto
habu,HabuKagumba
hachy,hachy01
hackedunit,hackedunit
hackerone,Hacker0x01
hackley,__hackley
hadzimme,__dzimm_
hailengc,hailengc
haines,andrewihaines
HaiTo,haito_linux
hakamadare,hakamadare
hakobera,hakobera
hakunin,hakunin
halfdan,geekproject
HalfDeadPie,HalfDeadPie
hallison,hallison
hamed_r,hamed_r_nik
HamidrezaSafari,Hamid_r_Safari
Hamit,hMt_y
hammackj,hammackj
hammad417,hammad417
hammady,hammady
hanachin,hanachin_
hanahiroAze,hanahiro_aze
hanazuki,k_hanazuki
hanhdt,tranduchanh
hannesfostie,hannesfostie
hanyzewski,hanyzewski
happybai,happybyronbai
harbottle,harbottle_liger
hardhat,hardhatdigital
HarlemSquirrel,HarlemSquirrel
harlow,comma_ok
harrisjt,harrisjt_
harshadixit12,harshadixit12
harshalbhakta,harshal_bhakta
haru_ake,haru_ake
hasanen,jonihasanen
HashNotAdam,HashNotAdam
hashrocket,hashrocket
hassan17,hassasa3
hassanakram,Iamhassanakram
hasumikin,hasumikin
hatappi,hatappi
hatsu,hatsu_38
havenwood,_havenn
hawkins,hawkinjs
hcatlin,hcatlin
hcyildirim,hcyildirim
hdf1986,hdf1986
hectortllo,Tello__Hector
Hejda,tomashejatko
hekki,_nihi
Hell_Rok,hell_rok
helpling,helpling_tech
hemju,hemju
hennevogel,henne
henrikbjorn,henrikbjorn
herminiotorres,herminiotorres
herneto,hernanioneto
heyvito,heyvito
hfl,hfl
hfm,hfm
hhtopcu,hhtopcu
hi5dev,hi5dev
hibariya,hibariya
HicknHackSoftware,hnh_software
highb,bmhpdx
higher,highercomve
highwide,highwide
hikalin8686,hikalin8686
hikko624,hikko624
hilotter,hilotter
him0,him0net
himajin315,himajin315
himerus,himerus
himn1,himn1
himrock922,himrock922
himynameisjonas,himynameisjonas
hinata,hinatan
hippohack,hippohack
hiraku,hirakuro
Hirokazu_Hata,h_michael_z
hirontan,hirontan__
hiroshiyui,hiroshiyui
Hirotacas,Hirotacas
hiroyuki_yagihashi,hryk_yg
Hirurg103,Hirurg103
hirusi,hirusi
hkfoster,hkfoster
hlmerscher,hlmerscher
hmaack,HolidayHannes
hmatic,hmatic
hnmx4,hnmx4
hoalife,hoalife_app
HobbieJ,HobbieJacob
hockey-community,hockeycommunity
hoffm,hoffm
hokaccha,hokaccha
holger-ikusei,5minpause
holysugar,kdc518
homephree,homephree
hondallica,hondallica
hongli,honglilai
honzasterba,honzasterba
hoppergee,hoppergeegee
hopsoft,hopsoft
HoracioChavez,HoracioChavez
hosseintoussi,hosseintoussi
HotFusionMan-RubyGems,hotfusionman
howard60915,cch_howard
hpneo,HPNeo
hron84,hron84
HrsUed,_HrsUed
hsbt,hsbt
hschne,hschnedlitz
hshockney,heathershockney
hsul4n,hsul4n
htmldrum,htmldrum
htonl,rubyist
huacnlee,huacnlee
hubrise,HubRiseAPI
Hubro,NorwegianHubro
huextrat,hugoextrat
hughevans,hughevans
hugogilmar,hugogilmar
hugolyra,h_lyra
hugomarquezdev,hugomarquezdev
hugopl,hugopl
Humoud,7mood_one
hunj,hunj_l
hwartig,hwartig
hybridAries,hybridaries_
hydecorp,hydecorp
hyrintalion,hyrintalion
iaguirre88,iaguire88
iaia,iaiabot
iain,iain_nl
iainbeeston,iainbeeston
iaintshine,iaintshine
iamaaronknight,iamaaronknight
ianchesal,ircri
ianhirschfeld,ianhirschfeld
iankent,_iankent
ianks,_ianks
ianrgz,MminiThor
IanVaughan,IanVaughan
ianwalter,IanWalter
iavivai,yukitakaiha
iay,iay
ibaum,ibaum_gitlab
ibraheem,ibraheem4
icco,icco
ichou,iamichou
icm7216,icm7216
icostan,iuliancostan
icy,kyanh
icyleaf,icyleaf
idangoldman,idan_goldman
idleberg,idleberg
idlua,idlua
iewad,iewad
iffyuva,iffyuva
igarbla,igarbla
igas,igasgeek
igel,iGELei
igolden,1igolden
igordcsouza,igordcsouza
igorlamos,IgorLamos
igorlg,igorlgentil
igormaka,igormaka
igreulich,_the_grue
iguchi1124,iguchi1124
ihara,ihara
iHiD,iHiD
ijdickinson,ijdickinson
ikanade,ishan_kanade
ikepon,ikepon_rb
ikethecoder,ikethecoder
ikhsan,ixnixnixn
ilek,ilek_fr
illusionist,shivabhusal
iloveitaly,mike_bianco
ilyadyakonov,ilushkanama
ilyazub,illiazub
ImageAid,craigkaminsky
imageboss,imagebossMe
imathis,imathis
imaz,imaz
imhta,ponmuthuselvam
imit-oss,advisoryimit
immortal_friday,khaled_gomaa
indirect,indirect
indradha,indradha
ineffyble,ineffyble
infinum,infinum
infopark,infopark
informatom,informatom
initios,initios_com
Inkceptional,inkceptional
inkstak,inkstak
inocof,inocof
inokappa,inokappa
inopinatus,inopinatus
inori,egoistfanclub
in-silico-toxicology,insilicotox
Inspire,inspiredevs
Instabug,Instabug
instacart,instacart
instruct,instructbr
intermine,intermineorg
inventos,inventos_corp
invisiblefunnel,invisiblefunnel
ioquatix,ioquatix
Iorin0225,iorin0225
IotaSpencer,iotaspencer
irlrobot,irlrobot
iruk,_iruk_
isabanin,isabanin
isaced,isacedx
isharelessons,isharelessons
ishehata,ishehata91
ishouvik,ishouvik
iskin,andreysitnik
ismailakbudak,isoakbudak
ismailarilik,ismailarilik
ispyhumanfly,ispyhumanfly
ispyropoulos,ispyrop
istana,bloodbornemisa
iTakeshi,TaKeZo_I
itarato,itarato
iteratively,iteratively
itkq,itkq
itooww,itooww
itskingori,itskingori
itspriddle,itspriddle
iuhoay,iuhoay
iulspop,iulsop
ivaldi,ivaldi
ivanacostarubio,ivanacostarubio
iVanilla,IVanillaPro
ivanmatas,xivanmatas
ivdma,ivdma
ivoanjo,KnuX
iwtn,iwtn_
ixandidu,ixandidu
ixti,zapparov
iyuuya,iyuuya
izniburak,izniburak
izumariu,POLAROIDFOPSY
izumin5210,izumin5210
IzumiSy,sy_izumi
jabbrwcky,j_ab_br_wc_ky
jacaetevha,jacaetevha
jack_jennings,jack_jennings
jackpan,jack0pan
jacobbednarz,jacobbednarz
jacobwgillespie,jacobwgillespie
jagaapple,jagaapple
jagadeesh_kotra,jagadeesh_kotra
jagcesar,JagCesar
jage,jage
jagrament,kojipole
jagthedrummer,jagthedrummer
jahfer,jahfer
JahlHernandez,JahlV2
jaimeiniesta,jaimeiniestadev
jaimevelaz,jaimevelaz
jairovm,jairovm
jaischeema,jaischeema
jakariablaine,Jakaria_120
jakecard,jakecard
jakofranko,rockfacejake
jalbertopaz,jalbertopaz
JamesChevalier,JamesChevalier
jamesdbloom,jamesdbloom
jamesnewton,jameswritescode
james-prickett,james_prickett
jamesridgway,james_ridgway
jamgregory,jamgregory
jamieorc,jamieorc
jamonholmgren,jamonholmgren
jamsupreme,jamsupreme
janklimo,janklimo
janko,jankomarohnic
janlelis,JanLelis
janlindblom,janerictobias
jannewaren,jannewaren
janosrusiczki,janosrusiczki
janpio,Sujan
jansiwy,jansiwy
janx,janhxie
japiber,japiber
jaredbeck,jaredowenbeck
jarednorman,SuperGoodJared
jared-prime,1ijk_dev
jarijokinen,jarijokinen
jarydkrish,jarydkrish
jaryl,jaryl
jashkenas,jashkenas
jasoncaryallen,jasonallen127
jasoncodes,jasoncodes
jasondesrosiers,jasondesrosiers
jasonetco,jasonetco
jasonfb,jaflebol
jasonkarns,jasonkarns
JasonMAdams,ealdent
jasonwilk,jawilk
javiervidal,javiervidal
jayelkaake,jayelkaake
jaymzh,thephild
jayniz,jannis
jaywad,jaywad26
jbhannah,jbhannah
jbonnet,jbonnet
jbpros,jbpros
jbrains,jbrains
jbrisbin,j_brisbin
jc00ke,jc00ke
JCBarry,JCBarry
jclusso,jarrettlusso
jcnetdev,jacquescrocker
jcody,joeycdy
jcouyang,oyanglulu
jcserracampos,JCSerraCampos
jcstringer,jcstringer
jdar,jdar
JDeen,ZiyanJunaideen
jdejong,smartersoftware
jdleesmiller,jdleesmiller
jdno,mostawesomejd
jdowning,_jdowning
jdsalaro,jdsalaro
jduds27,jduds27
jdugan,mrfuturefox
jdwyah,jdwyah
jdxcode,jdxcode
jedops,jam_ez_
jeefy,jeefy
Jeff_2020,Jeff_2020
jeffbyrnes,thejeffbyrnes
jeffcarbs,jeffcarbs
jeffdill2,jeffdill2
jeffrafter,jeffrafter
jeffreytse,ozzjt
jellymann,jellym4nn
jemaddux,johnemaddux
JensVercruysse,JensVercruysse_
jenunifer,hallucin0jen
jeremiahchurch,JeremiahChurch_
jeremydaer,bitsweat
jeremyevans,jeremyevans0
jeromegn,jeromegn
jescholl,jescholl
jesperronn,jesperronn
JesseChavez,jesse_cz
jetthoughts,jetthoughts
jeydurai,DJeyaraj
jfharden,eviljonny
jg,jg
jgarber623,jgarber
jgaspar,tuxpower
jgaylord,jgaylord
jgeewax,jgeewax
jgfoster,jgfoster
jgnagy,jonathangnagy
jgraichen,jgraichen
jgrevich,jgrevich
jharbert,mrjasonh
jhass,_j_hass
jhbabon,jhbabon
jhecking,jhecking
jhjguxin,jhjguxin
jhoblitt,jhoblitt
jhollinger,jordanhollinger
jibone,jibone
jico,jicooo
JientDoNgoc,jientdongoc
jigarius,jigarius
Jiii,poqudrof
jim80net,jim80net
JimGrimmett,JimGrimmett
jimm,jmenard42
jimmycuadra,jimmycuadra
jindrichskupa,jindrichskupa
jintseng,jintseng
jipiboily,jipiboily
jirutka,JakubJirutka
jitl,jitl
jjasghar,jjasghar
jjfutbol,javierjulio
jjuarez,thejtoken
jjyr,_jjy0
jkhas,thai2811
jkogara,jkogara
jkostolansky,jkostolansky
jkreeftmeijer,jkreeftmeijer
jlamim,jlamim
jleeothon,jleeothon
jlindgren,jacoblindgren11
jmanian,jeffmanian
jmatsu,red_fat_daruma
jmau,tweetpressfr
jmervine,mervinej
J-Mo63,JonJonRespawned
JMSchuurmans,JMSchuurmans
jnicho02,jnicho02
jnicklas,jonicklas
jnummelin,JNummelin
jnunemaker,jnunemaker
jnyman,jeff_nyman
jodeci,thchao
jodoglevy,jodoglevy
jodosha,jodosha
jodyh,jodyheavener
joel1di1,joel1di1
joelhelbling,joelhelbling
joelibaceta,joelibaceta
joellenbeck,ajoellenbeck
joelmoss,joelmoss
joelsmith,joelsmith
joenas,jonnever
JoeS,sergeimoret
JoeSouthan,JoeSouthan
joeybeninghove,joeybeninghove
joeyschoblaska,joeyschoblaska
joffreyjaffeux,joffreyjaffeux
johannesstrampe,johannesstrampe
johannkerr,johannkerr
johanns,johannssg
johnakers,_johnakers
johnbellone,johnbellone
johneckert,johneckert
johnfairh,johnfairh
john_farrell,john_shm
johnleach,johnleach
johnlinvc,johnlinvc
johnmcmuffin,realjohnmuffin
johnpitchko,johnpitchko
johnsyweb,johnsyweb
johnvukovich,johnvuko
joho,johnbarton
joiggama,joiggama
joker1007,joker1007
jolle,ericsson_jolle
jomz,jomz
jonahb,jonahburke
jonasjabari,jonasjabari
jonasrottmann,jonasrottmann
JonathanTron,JonathanTron
jonbuda,jonbuda
jonc,joncanady
jondkinney,jondkinney
jonheslop,jonheslop
jonikanerva,jonikanerva
jonnyman9,jonnyman9
jonpearse,jonpearse
JonRowe,JonRowe
jonsuh,jonsuh
jontsai,jontsai
jonwho,jonwho_dev
jonwong,jonwong
jordanandree,jordanandree
jordanbyron,jordanbyron
jordanfowler,jordanfowler_
jordelver,jordelver
joren,joren
jorgeborges,jorgeborgesc
josacar,josacar
josafams,devjosafams
joscor,joscorllc
JosephHalter,JosephHalter
josephholsten,josephholsten
josephruscio,josephruscio
JoseWorks_org,joseworkstech
joshc,joshc
joshdholtz,joshdholtz
joshingmachine,joshingmachine
joshk0,joshk0
josh_lindsey,lesmothian
joshmn,joshmn
joshtronic,joshtronic
joshuaclayton,joshuaclayton
joshuawilkosz,wilkosz
jotase,jota_segovia
jovandeginste,jo_vdg
jpalumickas,jpalumickas
jparker,urgetopunt
jpduchesne,jpduchesne
jpease,jpease
jperichon,jperichon
jphenow,jphenow
jpmckinney,mckinneyjames
jpowellcs,rowdypow
jpteti,jpteti
jqr,jqr
jrgarcia,jrgarcia
jrgifford,jrgifford
jrobertson,jrobertson
jrolfs,tom_swift
jromanovs,jromanovs
jsantos,chomponthis
jschmid55,jonas_schmid
jschwindt,jschwindt
jsierles,jsierles
jsmecham,jsmecham
jsmith,joshuaasmith
jspargo,jackspargo
jstirk,j_stirk
jszmajda,jszmajda
jtcrank,jtcrank
jtimberman,jtimberman
jtompkinsx,jtompkinsx
jtregunna,jtregunna
juancolacelli,juancolacelli
juanger,juanger_
JuanitoFatas,JuanitoFatas
juankaram,juankaram
juanmanuelramallo,jotaeme_r
juanpacken,juanpaconpa
juliancheal,juliancheal
juliandunn,julian_dunn
juliankamil,juliankamil
JulianNicholls,ReallyBigShoeUK
julienbourdeau,julienbourdeau
julio_cabrera,arielcabrera_11
juliogonzalez,julioglez
juliosantos,juliosantos
juljen,jul0jen
jumpcloud,JumpCloud
junara,junara
junhanz,n4hnuj
junocodes,junocodes
junya,junya
jure,juretriglav
juryghidinelli,JuryGhidinelli
jusportal,jusportal
just3ws,just3ws
justify,bloop_bla
justinm,justoman
justinw,justin
justinweiss,justinweiss
juusaw,juusaw
jvkrakowski,JVKrakowski
jvssvarma,jvssvarma
jwillemsen,johnny_willemse
jwir3,jwir3
jwthompson2,plainprogrammer
jzaleski,JZ4L3SK1
jzeni,jandreszeni
k28,k28_
k5trismegistus,fuigaro
k776,k776
Kaakati,Kaakati
kachick,_kachick
Kai,_kaichen
kaikuchn,kaikuchn
kailan,kailanblanks
kakakikikeke,kakakikikeke
kalashnikovisme,kalashnikovisme
kalwalt,kalwalt
kamal,kamal
Kamal,PaneruKamal
kamilbednarz,K_Bednarz
kamipo,kamipo
kamstrup,kamstrup
kanayannet,kanayannet
kaokun,kaokun
kapeli,kapeli
kapoorlakshya,kapoorlakshya
karandocs,karandocs
karembadawy,karembadawy
kares,kbucek
KargWare,kargware
KarimEbrahem,KarimEbrahem512
karlkloppenborg,karlkloppenborg
karlnicoll,karlnicoll
Karlzon,karlzoon
karpet,peterkarman
kartikluke,kartikluke
kashif,krasul
kaspergrubbe,kaspergrubbe
kaspernj,kaspernj
kaspth,kaspth
kastman,erikkastman
katafrakt,katafrakt_pl
kataring,kataring
katorres02,carlostorrescrz
katpadi,katpadi
katsuma,ryo_katsuma
katsusuke,katsusuke
katzj,katzj
kaushikgopal,kaushikgopal
KAYAK,kayak
kayamak,k_kayama
Kayla,DynamicScope
kazhian,kazhian
kazuomatz,kazuomatz
kball,kbal11
kbrock,kbrock
kcdragon,kcdragon_
kddnewton,kddnewton
kdiogenes,kadu_diogenes
kdthanvi,thanvi_karan
kechako,kechako
kei-s,kei_s
keith_duncan,keith_duncan
keithmifsud,keithmifsud
keithpitt,keithpitt
keithpitty1,keithpitty
keithrbennett,keithrbennett
keiththomps,keiththomps
kejadlen,kejadlen
kellyfelkins,kellyfelkins
kemitchell,kemitchell
kenchan,kenchan
kenchan0130,kenchan0130
kenchaso,ikaika300
kenhys,kenhys
kenichiice,kenichiice
kenjij,kenjij
KenjiOtsuka,escamilloIII
KenMayer,kennethmayer
Kenn,kenn
kennasecurity,kennasecurity
kenshinji,kenshinji
Kentaa,joinkentaa
Kerizer,kerizer
kerrieburow,kerrieburow
kerrizor,kerrizor
kerryb,kerryb
kerunaru,kerunaru
keshiba,imkeshiba
Kesin,Kesin11
ketandoshi,ketandoshi
ketanpkr,ketanpkr
kevbob,kevbob2
kevcha,kevcha1
kevinbaker,kevbaker
KevinLuo201,kevinluo201
kevinstorberg,kevin_storberg
kevyder,kevyder
keyme,keyme
keysen,_keysen
kftzg,kftzg
kgangadhar,karthikg1643
kgreeff,kennng
kgwalters,kgwalters
khalilgharbaoui,kkgg187
khamroddin,khamarmd
khata,khata_jp
khopsickle,khopsickle
kibitan,ctokoro_me
kicsipixel,kicsipixel
kief,kief
kigster,kig
kikusu,kikusu
kilhage,ekilhage
killbillio,killbillio
kimihito,kimihito_
kimromi,kimromi
kimutansk,kimutansk
kinduff,kinduff
kineticdata,kineticdata
kingcos,kingcos_v
kinnell,kinnellshah
kinoppyd,GhostBrain
KirbyJ,FernandezKboy
kirichkov,kirichkov
kirill_shevch,kirill_shevch
kirukarki,kirukarki
KishiTheMechanic,Ki4TheMecha2Q
kiskolabs,kiskolabs
kissy2go,kissy2go
kitplummer,kit_plummer
KittyGiraudel,HugoGiraudel
kivikakk,kivikakk
kizmeta,lodestone
kjohnston,kennyjohnston
kkempin,k_kempinski
kkmory,kkmory_
KKZoo,kkz__52
klas,Eskilicious
klekot,Klekot
klesse413,klesse413
kmalakoff,kmalakoff
kmasuda050,kmasuda050
kmcphillips,kmcphillips
kmikael,mkonutgan
kmutahar,KhalMutahar
kmuto,kmuto
knapo,krknapo
knappj2,petrosichor
knowbl,knowbl
knpwrs,knpwrs
ko,kyle_o
kobsy,kobsy
koda,dakotalightning
kodekage,kodekage
koenpunt,koenpunt
koffeinfrei,alexisreigel
koichiro,koichiroo
koic_ito,koic
koji_agawa,atty303
koki-sato,koki310dm
kokisone,_kok____
komagata,komagata
komasaru,rsm_mzk
komayuki,notsleeeping_11
komazarari,komazarari
komidore64,komidore64
konraditurbe,konrad_it
konsolebox,konsolebox
konzepz,tomerlichtash
koooge,koooge
koppen,mentalizer
koraktor,k0raktor
kotovalexarian,kotovalexarian
koudaiii,koudaiii
kouta,define_kouta
kovyrin,kovyrin
kozo2,kozo2
kp,klaaspieter
kpaulisse,kpaulisse
kpheasey,kpheasey
kplawver,kplawver
kpumuk,kpumuk
krainboltgreene,krainboltgreene
KrauseFx,KrauseFx
krautcat,krautcat
krdprog,krdprog
kreeger,kreeger
krhitoshi,krhitoshi
krishnadubagunta,dubaguntakrishn
krisleech,krisleech
krlklim,krlklim
krmbzds,krmbzds
Krule,krule
krushinru,krushin_ru
kruszczynski,kruszczynski
ksol,ksol
kSunaga,ksunaga_
ksylvest,ksylvest
k-ta-yamada,key_luvless
ku00,ku00_
kuldeepaggarwal,kdengineer
kulehandluke,kulehndluke
kumakuma,kumakum10972549
kunday,kunday
kunishi,kunishi
kuntoaji,kaklabs
kuranari,_kuranari
kurotaky,kurotaky
Kuroun,RounSk
kurtfunai,kurtfunai
KurtRMueller,kurtrmueller
kurtwerle,kwerle
kusakoro,9sako6
kwilczynski,kwilczynski
kyanagimoto,kyanagimoto
kyanny,kyanny
kyeah,kyeahokay
kyleboe,kbiz
kyledecot,kyledecot
kyohah,kyohah
kyrylo,kyrylosilin
kzyam,yamakichi_rb
l4rk,l4rk
lacoz,lacoz
ladybug-tools,ladybug_tools
laka,laka3000
lanadz,SvitlanaDz
lanej,lanejoshlane
laplaceliu,laplaceliu
larrysalibra,larrysalibra
laserlemon,laserlemon
lastimoso,gerardoraiden
latortuga,latortuga
LaurentBie,LaurentBie
laurentboileau,laurentboileau
laurentzziu,laurentzziu
Lax,liulantao
lazeetown,jakobvad
Lazurite,LazuriteSS
lazylead,lazylead
lbernardelli,lbernardelli
LByy,LByy
lcs,lancom_systems
ldferguson,lyndseydf
leanbit,LeanbitSrl
leandrost,leandrost
leastbad,theleastbad
LebaS,LebaS66
ledermann,ledermann
ledsun,ledsun
Lee_Crey,Sol_Redman
legal90,legal_90
leighmcculloch,___leigh___
leite,xxleite
lelogrott,lelogrott
leocamelo,leocamelo
leonbsilva,leonbsilva
leopard,leopard_me
Lepyy,LepiS_VG
leshill,leshill
lessonly,lessonly
lesteves,morphizus
letsbondiway,letsbondiway
levibrown,iamlevibrown
levinalex,levinalex
lewispb,lewispb
lewuathe,Lewuathe
lfv89,lfv89
lhalff,lhalff
liamdawson,liamdaws
LicaOka,LicaOka
lifeofguenter,lifeofguenter
lightguardjp,lightguardjp
lightup,LightIHC
lildude,lildude
liluo,liluoliluo
limcross,limcross2
linetrace,morgant
lingceng,lingceng
linguin,LinguinAI
linjunpop,linjunpop
linkyndy,linkyndy
linyows,linyows
lionelle,lionelle
liothen,liothen
lirossarvet,anderson_jon
lisinge,lisinge
lisukorin,lisowski_r
litencatt,litencatt
lithictech,lithictechpdx
little9,ajamielittle
liupeng,newalto
liveh2o,liveh2o
ljharb,LJHarb
ljulliar,lrjay
ljuti,ljuti
lleger,lleger
Llorephie,Llorephie
lloydpick,lloydpick
locks,locks
lofsigma,andres__dr
logdna,LogDNA
lokhi,louis_lokhi
longicorn,prioninae
loogiefowser,loogiefowser
look,lof
looker,LookerData
Loomly,LoomlySocial
loopj,loopj
lorenzschmid,lorenz_li
lorepirri,lorepirri
lostapathy,lostapathy
lovethebomb,ltb_lucas
LowSE01,LowSE01
lriki,lriki8
lrr,_lrr_
lshepstone,lshepstone
lskillen,lskillen
LTe,piterniel
ltfschoen,ltfschoen
ltw,ltw_
lubc,lubc32
lubieniebieski,lubieniebieski
lucaong,lucaongaro
lucascaton,lucascaton
lucashour,lucashour
lucasmazza,lucasmazza
lucasprag,lucasprag
lucasqueiroz,lucascqueiroz97
lucasrenan,lucasrenan
Lucia_ca,lucia_ca
lucianosousa,lucianosousa
luckypool,lucky_pool
luctus,theluctus
luislavena,luislavena
Luismchr,LuuisMchr
luizpicolo,luizpicolo_
lukad,lukaimneuland
lukeholder,lukeholder
lukemelia,lukemelia
luke-popwell,Luke_Popwell
lulalala,lulalala_it
lulibrary,lancasterunilib
lunelson,lunelson
luolinae86,luolinae86
luong-komorebi,luong_komorebi
luyingrui,LuYingRui
LydiaSanyu,LydSN
LynxEyes,Lynx_Eyes
lyptt,lyptt
lysenkooo,crashcube
lzap,lzap
m0nad,m0nadlabs
m1foley,m1foley
mabon,MrMichaelAbon
mabsimms,mabsimms
maceto,maceto
macfranci,macfranci
machamp,machamp
machida,machida
machisuji,machisuji
mach-kernel,mach_kernel
maciej,maciejb
mackerel,mackerelio
MacksMind,MacksMind
macournoyer_,macournoyer
madeslowly,made_slowly
madeth,madeth
Madgen,madgen_
madis,MadisIT
maful,mafulprayoga
magrathealabs,magrathealabs
MahdiBaghbani,baghbani1
mahlon,mahlon
maia,prettycoder
mailchain,mailchain_xyz
mailo,lipoqil
mailosaur,mailosaur
mainio,MainioTech
maiwald,maiwald
MajedBojan,MaJeDBoOja
maji-KY,maji_KY
majjoha,majjoha
majksner,majksner
makers-academy,makersacademy
makosaito,mlsaito
malept,malept
maliciousmind,raulgracialario
malinskiy,anton_malinskiy
malotor,mloptor
mame,mametter
mamewotoko,mamewotoko
mamhoff,mamhoff
manemone,manemone_tech
manid2,mani_d2
manojmj92,manoj_g33k
mansakondo,mansakondo
manuelmeurer,manume
manuelmhtr,manuelmhtr
manulorenzo,noloman
maraigue,h_hiro_
marcandre,malafortune
marceljackwerth,sirlantis
marcelmorgan,marcelmorgan
marceloeden,3den
marceloeloelo,cheloeloelo
marcelofc,mfcastellani
marceloperini,sid_marcelo
MarceloThor,lastsubzero
marcfreiheit,marc_freiheit
marcgg,marcgg
marcinbunsch,marcinbunsch
MarcoCabazal,MarcoCabazal
marcoimperatore,marcoimperatore
marcoroth,marcoroth_
marcotc,marcotc_
MarcParadise,MarcParadise
marcqualie,marcqualie
marekjelen,marek_jelen
mariantheisen,obesechinese
marii,mariinyrop
marineboudeau,marineboudeau
marioa98,mario_chino98
marioD78,marioD78
MarioRuiz,MarjoRuiz
marisabols,MarisAbols
mark22k,marek22k
markcipolla,markcipolla
markeissler,markeissler
marketo,marketo
MarkEWaite,MarkEWaite
MarkFChavez,MarkFChavez
mark_frost,frost__mark
markitoxs,marcgoujon
markjeee,markjeee
markmead,itsmarkmead
marlospomin,marlospomin
marocchino,marocchino
marsbased,MarsBased
marshallchikari,marshallchikari
MarshallShen,marshallshen
martijnversluis,martijnversluis
martinbjeldbak,martinbjeldbak
martin-brennan,mjrbrennan
Martin-Hong,martin_288
martinkl,martinkl
MartinodF,MartinodF
MartinVandersteen,vdsmartin
martytrzpit,martytrzpit
masa,masa16tanaka
masa-iwasaki,masa_iwasaki
masakazutakewaka,takeWakaMaru666
masaki,msk70171992
masapico,masapico7
masarakki,masarakki
masawada,masawada
masui,masui
masukomi,masukomi
masutaka,masutaka
mateusmaso,mateusmaso
mateusz_s,SzklarekMateusz
matheusrich,matheusrich
mathieu,mathieujobin
mathroule,mathroule
mathu97,mathusan_24
matiasbaruch,matias_baruch
matiaskorhonen,matiaskorhonen
matrixfox,matrixfoxtard
Matsimitsu,matsimitsu
mattbettinson,mattbettinson
mattbrictson,mattbrictson
matt_didcoe,mattdidcoe
MatteoJoliveau,matteojoliveau
matteoredz,matteoredz
mattes,mattes
matthewkennedy,matthewkennedy
matthewtodd,matthewtodd
matthieuprat,matthieuprat
matthutchinson,matthutchin
mattia-roccoberton,too_sleepy
mattknox,mattknox
mattmanning,mattmanning
mattmass,mattie
mattmencel,mattmencel
mattn,mattn_jp
mattpolito,mattpolito
mattray,mattray
mattrayner,mattrayner
mattt,mattt
mattw8435,mattw8435
mattyoho,mattyoho
mauromorales,mauromrls
maverick9000,maverick5000
mawiegand,BP_doubleU
maxfierke,m4xm4n
maximeg,maximegarcia
MaxineRed,maxine_red
maxjacobson,maxjacobson
max-si-m,dzumax
mayeco,mayeco
mbleigh,mbleigh
mbobin,mariusbobin
mbologna,michelebologna
mboya,mboyaberry
mbs348,maxwellsalz
mcamara,marc__dev
mcanevet,mickaelcanevet
mccabe615,mccabe615
mceachen,mrm
mcelicalderon,mcelicalderon
mchaisse,mchaisse
mckern,the_mckern
mcolyer,mcolyer
mcrip,mcrip
mcsonka,MiroslavCsonka
mc-squared,MCSquaredNZ
mczuchnowski,mczuchnowski
MDilmac,m_dilmac
mdominiak,mdominiak
mecab,mecab
mediafinger,mediafinger
meeh,mikalv
meeksb86,the_bmeeks
megalomaniac,drmegalomaniac
meganemura,meganemura
MEHColeman,MEHColeman
mehlah,mehlah
mehmetdavut,MehmetDavut
Mehul,mehulparmar_
meineerde,meineerde
meinside,thespeedofpain
mekari,jurnalofficial
melborne,melborne
mellett68,mellett68
Mencio,maciejmensfeld
mendes,justmnds
menghuanwd,menghuanwd
menvia,menvia
mergulhao,smergulhao
merma158,merma158
merrin,merxplat
mert,lazymanandbeard
MertcanGokgoz,MertcanGokgoz
mertkahyaoglu,mertkahyaoglu48
meschbach,drakgremlin
messagebird,messagebird
MessageMedia,messagemedia1
metakirby5,metakirby5
mfenner,mfenner
mfinelli,mariofinelli
mfurtak,mikefurtak
mgrachev,mgrachev
mgrubb,mtgrubb
mguinada,mguinada
mguymon,tobedevoured
mh,miloshadzic
mh61503891,61503891
mhag,mhag
mhanberg,mitchhanberg
mhartl,mhartl
mhayes,mhayes
mhenrixon,mhenrixon
mhgbrown,mhgbrown
mhutter,Dratir
mhw,mhw
micahhauslerskuid,micahhausler
michaelbaudino,michaelbaudino
michaelfich,michael_fich
michaelhoste,michaelhoste
michaeljherold,mherold
michaelkl,MichaelKlimenko
michaelklishin,michaelklishin
MichaelKuhinica,taverneiro
michaelloistl,michaelloistl
michaeloblak,michaloblak
michaelosmith,smithstarter
michaelvobrien,michaelvobrien
MichalHlavacek,hlavacekmichal
michalsimon,michalsimon
miclle,miclle
mijailr,mijailr
mikebaldry,mbaldry
mikedelorenzo,mikedelorenzo
mikehale,michaelahale
mikekreuzer,mikekreuzer
mikelkew,mikelkew
mikestok,MikeStok
miketheman,mikefiedler
mikkeljuhl,mikkel_juhl
mikker,mikker
mikoweb,rmwebpl
milind-patel,milindpatel1991
milk1000cc,milk1000cc
milouse,milouse
miltonolaf,olafmilton
mimimalizam,mstojadinov
mimosa,mimosa
minaguib,minaguib
minimum2scp,minimum2scp
minio,minio
minirachel,minirachel
mintbit,mintbit
minter,minter
mironov,mironov
mirzalazuardi,mirzalazuardi
mislav,mislav
mistydemeo,mistydemeo
mitcharoo,mitchasaservice
mitchellnemitz,mitchellnemitz
miyucy,miyucy
mizoR,mizoR
mizou,ns_mizou
mizukami234,norainu234en
mizukmb,mizukmb
mjbellantoni,mjbellantoni
MJBurch,AppSecGuy_Mike
mjc-gem,mjc_tw
mjchadwick,mjchadwick
mjgiarlo,mjgiarlo
mjniday,mjniday
mkasberg,mike_kasberg
mkasztelnik,mkasztelnik
mkchoi212,bananamlkshake2
mkhairi,kheri_ad6
mkj_is,mkj_is
mktakuya,mktakuya
mlafeldt,mlafeldt
mlh,mlhacks
mlitwiniuk,mlitwiniuk
mloberg,mloberg
mm580486,mm580486
mmistakes,mmistakes
mmmmat,mmmmat
mmontossi,mmontosi
mmyoji,mmyoji
m_nakamura145,m_nakamura145
mnc,__mnc90
mnin,mnin
mnuessler,nuessler
Mo_-,almishkawi
mobilecenter,mobilecenter
mobius-network,mobius_network
moccos,moccos
mochizukikotaro,mochizukikotaro
modsaid,modsaid
moertel,moertel
mohamedelfiky,mohamedelfikyy
mohammedamarnah,m_amarnah
mohnish,thallavajhula
moio,SilvioMoioli
mojihige,mojihige5
mokagio,mokagio
mokeefe,madkayaker
mokuo,mokuo_
molayab,molayab_
molphar,molphare
momlookhowican,momlookhowican
momoto,MomotoSeiji
moneybird,moneybird
monorkin,monorkin
monsieurkayode,emperoarkay
Montedelgallo,Mdg_dev
mooktakim,mooktakim
mooreniemi,feminstwerewolf
morgoth,morgoth85
moriarty,jamespmoriarty
morihirok,_morihirok
morningrunning,morningrunning
morozgrafix,morozgrafix
MoskitoHero,MoskitoHero
mosuka,minoru_osuka
motomizuki,motomizuki
moyasar,moyasarcom
mozamimy,mozamimy
Mozart2234,mozart2234
MpaK,mpak999
mpchadwick,maxpchadwick
mperham,getajobmike
mpraglowski,mpraglowski
mrcalonso,calonso
mrcook,mcouk
mrexox,mrexox7
mrfoto,miharekar
MrFuku,iPzYN2gLSV2HeSS
mrgrodo,mrgrodo
mrjosh,iamalirezaj
mrkcor,mrkcor
mrkn,mrkn
mrnugget,thorstenball
mroth,mroth
MrPrimate,jack_thomas
mrrooijen,mrrooijen
mrsool,AppMrsool
mr_sourcerer,mr_sourcerer
mrtc0,mrtc0
msakai,masahiro_sakai
ms_ati,ms_ati
mscccc,mscccc
m_seki,m_seki
mshka,mark__jad
msimonborg,msimonborg
mssola,miquelssola
msy7822,msy7822
Mte90,mte90net
mtkasima,mtkasima
mtking2,_mtking2
mtsmfm,mtsmfm
MTTGCC,MTTGCC
mtunjic,marko_tunjic
muchaya,muchaya_
mugi_uno,mugi_uno
MuhamRB,Muhamma53257427
muizidn,fn_muiz
mukeshsolanki,themickyvirus
munky69rock,munky69rock
murakmii,murakmii
muramurasan,muramurasan
murat,muratbastas
murb,murb
murdho,murdho
murphy,murphy_karasu
murtaza,mygulamali
muryoimpl,muryoimpl
musaffa,ahmad_musaffa
Museways,museways
muyaszed,muyaszed
muyiwa,muyiwaolu
mvalipour,mvalipour
mvz,mvz
mwaggett,mollywaggett
myabc,myabc
myersjustinc,myersjustinc
mygoare,mygoare
myockey,myockey
myrrlyn,myrrlyn
Myst,bowildmusic
myun2,aidaho__3
n0nick,n0nick
n2kia4,n2kia4
n8,natekontny
n8chz,peced
Nabetani,nabetani
nagatech,nagatech_i
nagybence,nagybence
nahua,nahuakang
naitoh,naitoh
nalabjp,nalabjp
namangupta,itsmenamangupta
namiwang,nami_mid_wang
nan,nanzhong
nanodano,thedevdungeon
nao0515ki,nao0515ki
naoki-k,kanata2n
naokikimura,naokikimura
naps62,naps62
napx,zapnap
Narazaka,narazaka
Narnach,narnach
nasum,nasum360
natesalisbury,natesalisbury04
natevick,natron99
nathanielbibler,nbibler
nathanpc,nathanpc
nathanscott,nathan_scott
nathanvda,dixis
nathunsmitty,nathunsmitty
nativefoundry,nativefoundry
NATS,nats_io
nattf0dd,nattf0dd
nck,nicolaslima
ndbroadbent,ndbroadbent
ndrx42,ndrx42
nebolsin,nebolsin
neckhair,neckhair82
NedHenry,_Ned_Henry_
neerajkumar,bundlexec
neilgupta,neilgupta
nejiko96,ojiken96
neko314_,neko314_
nelson-u,NelsonBelmont
NeoCat,NeoCat
neo-dynamic,harrison808
nerdyc,nerdyc
Nereare,nereare
nertzy,nertzy
neruneru0419,nerun_neruneru
ne_sachirou,ne_sachirou
nesaulov,billikota
nesquena,nesquena
nethacker,nethacker
Netrics,JasonMaggiacomo
neumanrq,funktoriell
nevans,nick_evans
newberkyt,dsoft88
nezir,n3za_
nfredrik,nfredrik
ngergo100,ngergo100
ngs,ngs
ngsankha,ngsankha
ngscheurich,ngscheurich
ngzhio,ngzhio
nhajratw,nhajratw
nhammond101,thehappypenguin
nhosoya,nhosoya
nhr,nhripps
niam0r,n14m0r
Nick-Damico,nickalan82
nickevans,nickevans
nickmccurdy,nickemccurdy
nickolasmeans,nmeans
nickrobinson,nrobinson33
nicktomlin,itsnicktomlin
nicolas_brousse,nicolas_brousse
nic_scott,niclscott
nid,nid777
nightlyhawk,nhawk
nikneroz,nikneroz
nikolalsvk,nikolalsvk
NikoRoberts,NikoRoberts
niku,niku_name
nikushi,nikushi_jp
nilbus,nilbus
nilsding,nilsding
nimblehq,nimble_hq
ninadpage,ninadpage
ninoseki,ninoseki
niranjankaruna,NiranjanKaruna
nirebu,nirebu
nirnaeth,KFMolli
nisanth074,nisanth074
nisevi,NicoSVidal
Nishant,nishant2692
nishidayuya,nishidayuya
nitecoder,nitecoder
niwasawa,niwasawa
niwatolli3,niwatolli3
nixtrace,nixtrace
njh,njh
njonsson,njonsson
njpearman,njpearman
nledez,nledez
nlsmith,nlsmith
nna774,nonamea774
noahgibbs,codefolio
nobu,n0kada
nodai2hITC,nodai2hITC
nokcode,nokcode
nok_onl,darius_morawiec
nolith,nolith
nom,nom4476
noma4i,noma4i
nomoon,nomoon
nomunomu0504,nomunomu0504
Nondv,Nondv
noraj,noraj_rawsec
Nornec,JayNornec
notCalle,notCalle
notion,notion
notrab,notrab
nov,nov
novatec,novatecgmbh
NPI,axlfire1003
npickens,NatePickens
npras,nprashere
npverni,npverni
nrowegt,nrowegt
nsardo,nsardo
nsatragno,nsatragno
nsherron90,sherron_nick
nshki,nshki_
nsk1010,PianoCat1010
nsommer,nsommer94
nspring,nspring
nsuchy,nathanielrsuchy
ntamvl,nguyentamvn
ntkme,ntkme
ntosic,thetoske
ntsk,ntsk__
nukosuke,pg_nukosuke
nulldef,null_def
nullkal,nullkal
nullnull,NrNrNr7
nullobject,nullobject
nullpo_head,nullpo_head
numbata,numbata
nunosilva800,nunosilva800
Nuri_Yuri,NyagatoNyuky
nwoliver,nwoliver
Nxya,axelfire14
nyaahara,nyaahara
nyagato_00,TakashiMiyahara
nyamadori,nyamadorim
nyamairi,nyamairi
nylas,nylas
nymous,nymousIO
nymphium,nymphium
nysthee,nysthee
nzajt,nzajt
o46569,046569
ocean90,ocean90
ochaochaocha3,ochaochaocha3
octopull,octopullapp
Odaeus,odaeus
oddcamp,odd_camp
ofk,ofk
ohboyd,ohboyd
ohr486,ohrdev
oieioi,oieioi
oisin,oisin
oivoodoo,oivoodoo
ojab,ojab
ojiry,ojiry
okiess,okiess
oklimberg,oklimberg
okuramasafumi,okuramasafumi
olabini,olabini
Oleander,linusoleander
olefriis,olefriis
oleganza,oleganza
olery,olery
olishmollie,olishmollie
olistik,olistik
olithoughtbot,olipeate
oliverklee,oliklee
olivernn,olivernn
olivierbuffon,olivierbuffon
ollej,ollej
ollijh,ollijh
omerlh,omerlh
Omicron7,omicron7
omise,omise
onerinas,onerinas
onetwopunch,jryancanty
ongaeshi,ongaeshi
OnlySteveH,OnlySteveH
onoda_takuro,onoda_takuro
onthebeach,OTBEngineering
onunu,onunu_
onyxraven,onyxraven
opedrosouza,oprogpedro
openfirmware,openfirmware
open_mailbox,open_mailbox
opennebula,opennebula
openproject,openproject
opensearchproject,awsopen
optidash,optidashAI
optimizasean,optimizasean
oracle,oracledevs
OrangeFlash81,OrangeFlash81
oraykt,oraykt
orbitdevs,orbitmodel
orekyuu,orekyuu
oriolsoriano,ureesoriano
orta,orta
OscarAkaElvis,OscarAkaElvis
oscartanner,oscar_tanner
osd,osd_it
osdiab,therealomardiab
oshanz,oshanz
osis,dwayneforde
oso,osoHQ
Oss,iOss92
osullii,irialmichael
osuosl,osuosl
osxgirl,petalsnap
osyo,pink_bangbi
ota42y,ota42y
otake84,otake84
otaq,otaqato
ottobar,ottobar
owalmirneto,owalmirneto
oyrarumakan,Neo_venezia
oz,ephoz
P3t3rU5,P3t3rU5
pablocantero,pablocantero
pablocrivella,pablocrivella
pablof7z,pablof7z
pablox,pablox
Packet,pbhogan
pagojo,JohnPagonis
palan,palanjp
palavatv,palavatv
palfrey,palfrey
palkan,palkan_tula
pamit,pamitmo
PandaPay,pandapay_io
pandasekh,pandasekh
pandawhisperer,Panda_Whisperer
pankajdoharey,pankajdoharey
PanosCodes,panos_codes
pantographe,_pantographe
papa-lapap,micha_schiller
papodaca,papodaca
ParkerShaw,_parkershaw
parndt,parndt
parterburn,parterburn
parth,ParthModi08
Patch,usepatch
PatHawks,pathawks
PathNetwork,path_network
pat-lego,legault_pat
patlego,_patlego
patorash,patorash
patreon,patreon
patrickclery,patrickclery
patrickdavey,psdavey
patricklindsay,vindicatedfool
patrickod,patrickod
patricktulskie,patricktulskie
patrixr,tronicapps
patrobinson,DrNemski
patvice,patgvice
paulbjensen,paulbjensen
paulca,paulca
paulgoetze,paulgoetze
paulhtrott,paulhtrott
paulmooring,paulmooring
paulohrpinheiro,PauloHRPinheiro
paulotijero,paulotijero
paulridgway,paulridgway
paulrosania,ptr
paulschreiber,paulschreiber
paulspringett,paulspringett
paulyoung,py
paveg,_pavlog
pavelc,pavelccz
pavlok,pavlok
pawelgrzybek,pawelgrzybek
pawelniewie,devonsteroids
pawelpacana,pawelpacana
paymentspring,paymentspring
paymongo,paymongo
pbattley,threedaymonk
pboling,galtzo
pbrisbin,patbrisbin
pbyrne,pbyrne
pcai,pcai_
pcarranza,psczg
pcarrier,pcarrier
pcisneros,zioguillo
pcreux,pcreux
pdabrowski6,pdabrowski_k1
pdobb,pdobb
pdoherty,poherty926
pecio,pedrocheisback
pedroaugustosb,pedro_augusto
pedrocunha,peduardocunha
pedrovin777,pedrovin777
pedrozath,pedrozath
Peluhnya,peluhnya
penelopezone,penelope_zone
penguinwokrs,penguin_works
pepipost,pepi_post
per,per1000x
Peranikov,Peranikov
percy,percy_io
peregrinator,peregrinator
perseids,PerseidsProject
perylemke,perylemke
peterberkenbosch,pberkenbosch
peterhoeg,peterhoeg
peterp,peteonthings
petester42,petester42
petitjam,petitjam
petrokoriakin,ortepko
pettazz,pettazz
pezholio,pezholio
pfac,iampfac
pfranken,PatrickAachen
pglombardo,pglombardo
pgonzaga,pgonzagauy
PH9,PH41
phaedryx,phaedryx
phansch,phansch
phantas,phantas
phcdevworks,phcdevworks
phearzero,PhearZero
pheels,philiplambok
phildionne,phildionne
philihp,philihp
philipsampaio,philipsampaio
philnash,philnash
philsturgeon,philsturgeon
philtr,philtr
Phitherek_,phitherek
phoet,phoet
phoffer,phoffer8
phrase,phraseapp
phuwanart,phuwanart
phw,phwolfer
picandocodigo,picandocodigo
picat,KentGruber
pi-chan,pi_cha_n
pienkowb,pienkowb
pierodibello,pierodibello
pierreneter,pierreneter
pierresouchay,vizionr
PiersC,varyonic
pietromenna,pietromenna
piharpi,mhdrt_
PikachuEXE,PikachuEXE
piki,p_reynolds
pinglamb,pinglamb
pinzolo,pinzolo
piotaixr,piotaixr
piotrmurach,piotr_murach
pioz,pioz
Piro,piro_or
PistachioPony,pistachiopony
pittman,brandonpittman
pixaven,pixaven
pixeldesu,pixeldesu
pixie-grasper,autismprogramer
pjb3,pjb3
pjg,pawelgoscicki
pjmorse1,flashesofpanic
pkoch,pkoch
pkuczynski,PiotrKuczynski
plainprogrammer,plainprogrammer
PlanetRoast,planetroast
planio,planio
platanus,_platanus
pldb,pldb
plentz,plentz
PliyoSenpai,PliyoSenpai
PLN,PaulLouisNech
plribeiro3000,plribeiro3000
plus,quick3x
pmd,pmd_analyzer
pmq2001,psvr
pnomolos,pnomolos
pocke,p_ck_
podruh,podruh01
pointlessone,pointlessone
pokohide,pokohide
polidea,polidea
polishedreya,gossipyreya
polydice,polydice
posthaven,posthaven
postmodern,postmodern_mod3
postmortem,iamdead
pote,poteland
potsbo,potsbo
powerhamster,powerhamster_dd
ppeble,philpeble
ppostma,p_postma
PragTob,PragTob
pranav7,pranav7
prashantbarca,prashantbarca
prashanthsams,prashanthsams
prasunanand,prasun_anand
prbsas,PRbsas
prdn-bfx,bitfinex
Prebo,Prebo_app
predictionio,PredictionIO
prefetcher,purifetchi
presidentbeef,presidentbeef
prestaconcept,prestaconcept
priithaamer,priithaamer
primer,githubprimer
privy,privy
proctoru,ProctoruEng
Prodis,Prodis
ProGM,ProGiEmmeh
proLIBREros,proLIBREros
Prometheus,PrometheusIO
promptapi,promptapi
protesilaos,protstavrou
proudier,proudier
prrrnd,prrrnd
prsimp,prsimp
przbadu,przbadu
pso,PaulStefanOrt
pss,unitylab
psyho,apohorecki
pt,ptarjan
ptcodes,ptcodes
ptiforka,ptiforka
ptoomey3,patricktoomey
pubnub,pubnub
pumadave,davidschutze
pupeno,pupeno
pupupopo88,pupupopo88
pusewicz,pusewicz
pushrax,pushrax
puuripurii,puuripurii
pwelch,pwelch
pwim,pwim
pyrmont,pyrmont
pyro2927,pyro2927
pythonicrubyist,pythonicrubyist
pzi,pzimat
qbart,b_wojtowicz
qiumaoyuan,qiumaoyuan
qpard,qpard
qsona,qsona
qtkmz,qtkmz
quaderno,quaderno
quangtt,quangteomedia
qubbit,nullgeo
query,alerante
questbeat,questbeat
quinncuatro,quinncuatro
quintinwillison,quintinwillison
qw3r,qw3r
QWYNG,hight_razer
rabbix,rabbix
rabidpraxis,rabidpraxis
racc,raccube
radanisk,radanisk
radditude,_radditude
radeno,rsmitala
raderk,kyle_w_rader
radioheads,igorsuleymanov
rael_gc,rael_gc
rafaelcpalmeida,rafaelcpalmeida
rafalkaron,rafalkaron
rafasoares,therafasoares
rafbm,rafbm
ragi256,ragi256
ragunathjawahar,ragunathjawahar
rahultrikha,rahult
railsfactory-pavan,RamkrishnaPavan
rainforest,rainforestqa
raivil,raivil
rakeshkpatra,rakeshpatra93
rakshazi,rakshazi
ralphvdh,ralph
ramziddin,ramziddin_m
randallreedjr,randallocalypse
rands0n,rands0n
randycoulman,randycoulman
raphaelcm,raphaelcm
rasch,randyschneck
raszi,ikaraszi
rattroupe,reiterate_app
ravicious,Ravicious
raviqqe,raviqqe
raypereda,raypereda
razorpay,razorpay
razum2um,razum2um
rbazinet,rbazinet
rb_de0,rb_de0
rbdr,pigeonfolk
rbgrouleff,nerdd
rbuchberger,BuchbergerDev
rbw,iamRogerWhite
rcbaxter,_rcbaxter
rccursach,rccursach
rchasman-lawmatics,rchasman
rcvalle,rcvalle
rdavid1099,rdavid1099
RDIL,rdil_pickle
rdubya,rwidmer
readme,readme
realtable,realtable_
ream88,ream88
reaper,reaper67
recepinanc,receepinanc
reconbot,reconbot
redbadger,redbadgerteam
redmineup,redmineup
redrick,AndrejAntas
reidmorrison,reidmorrison
reinanhs,ReinanGabriel9
reinteractive,reinteractive
reitzig,OmegaPolice
remear,remear
RemiEven,EvenRemi
remiprev,remi
RemoteCTO,remotecto
renchap,renchap
render,renderinc
renderedtext,renderedtext
rennifer,raspberrymiku
rentalname,rentalname
renyijiu,renyijiu
renzodiaz,_renzodiaz
repinel,repinel
rescribet,rescribet
reset,resetexe
resurfaceio,robfromboulder
Revolt,Revolt666
rewindio,rewindio
rezigned,rezigned
reznov9185,sajid9185
rfwatson,rfwatson
rGem_fun,tangbineml
rgl,ruiglopes
rgrove,yaypie
rha7dotcom,_Rha7_
Rhee,x1wins
rhosys,AuthressHQ
rhruiz,rhruiz
rhythm191,rhythm191
ricardotealdi,ricardotealdi
richardchau,richardjhou
richardlapis,losperdos
richchetwynd,richchetwynd
RickardvonEssen,rickard_v_essen
Ricky,rickyocxj
rickychilcott,rickychilcott
rien_,RienMaertens
Rietta,frankrietta
riho,rllllho
rikoroku,rikoroku
rinkei,rinkei90
rin-no,ringe
ripienaar,ripienaar
ripperhe,ripper_he
risatino,risatino
RISCfuture,RISCfuture
rishabh91,biharimunda91
ritligist,RitLigist
RIT-QAToolkit,qatoolkit
rivsc,rivsc57
riywo,riywo
rjayroach,rjayroach
rkj,rkj
rmagrin,rafaelmagrin
Rnasc,Rnasc
robbertkl,robbertkl
robbinespu,robbinespu
robdbirch,robdbirch
robenkleene,robenkleene
robert43382,robertsosinski
RobertGauld,RobertGauld
robincheptileh,robincheptileh
robinclart,robinclart
robinst,niborst
robotdan,robotdan220
robotdana,robodana
RoboticCheese,roboticcheese
robsears,robsears
roccoblues,roccoblues
rodolfobandeira,rodolfobandeira
rodrigotassinari,rodrigtassinari
ROFISH,ROFISH
rofreg,rofreg
rogerluan,rogerluan_
roghib,roghib
rohitpatel061,rohitpatel061
rohitpaulk,RohitPaulK
rokhimin,rokhiminwahid
roktas,roktas
romaincampech,romaincampech
RomanKrasavtsev,romankrasavtsev
ronaldchacon,ronaldchacon
ronsala,ronsala
rootik,roootik
rosa,rosapolis
rosendin,mattrosendin
rosesz,rozaszy
Roshan,roshan0892
rosylilly,rosylilly
rougecardinal,rougecardinal
route,rO_Oute
routelastresort,Routelastresort
rovenclasher,rovenclasher
rowend,rowend
royce,r3dy__
rpalo,paytastic
rpbaltazar,rpbaltazar
rph28,rph_hung
rriemann,rriemann_eu
rrreeeyyy,rrreeeyyy
rsakhale,RohanSakhale
rscarvalho,rscarvalho
rsmokeUM,getsmokesignals
rspeicher,rspeicher
rtyler,agentdero
RuBAN,dkruban
rubensworks,rubensworks
RubenVerborgh,RubenVerborgh
rubikitch,rubikitch
rubiocanino,rubiocanino
rubygems2754,2754_quarter
rubyghetto,rubyghetto
rubylogic,rubylogic
rubynerd,rubynerd
rubyrider,rzvirfan
rud,laustrud
ruddfawcett,ruddfawcett
rudneilucas,rudneilucas
rudrige,rudrige
ruebot,ruebot
rukbotto,rukbotto
ru_shalm,ru_shalm
russellquinn,russellquinn
russt,rjtman
ruurd,ruurd
rvedotrc,rvedotrc
rwdaigle,rwdaigle
rwilliams,ron_a_williams
rwoliver2,rwoliver2
ry00001,ry00001_
RyanFrantz,Ryan_Frantz
RyanJarv,ryan_jarv
ryanjoneil,ryanjoneil
ryankopf,ryankopf
ryanmt,scientistryan
ryanoglesby08,ryanoglesby08
ryansch,ryansch
ryanstenhouse,ryanstenhouse
ryanwi,ryanwi
rymai,rymai
rynchantress,rynchantress
ryochin,ryochin
ryokkkke,ryokkkke_coding
ryoma123,ryoma_123
ryonkn,ryonkn
ryuchan00,ryuchan_00
ryumu,ryumu
Ryu_Nishida,nishidaryu
ryz310,ryosuke_sato
s0undt3ch,s0undt3ch
s1mplex,madej_kacper
s2k,S_2K
s2t2,data_creative
s33dco,s33dco
s3fxn,s3fxn
s4ichi,s4ichi
s4na,s4na_penguin
s5o-c,PFB26F4QHV
sa77,sacharya77
saber_sweet,saber_sweet
sachin21,scn21
sachinswagh,RealSachinWagh
sactage,kerri_amber
Sag0Sag0,Sag0Sag0
sagarpandya82,sagarpandya82
sage,konohasage
sagotsky,sagotsky
sahidursuman,SahidurSuman
sahil,sahilshah_rr
saidie,siedie
saidm,saidmaadan
saigkill,saigkill
sailor,salim_semaoune
sainu,sainuio
sajoku,sajku
sakuro,sakuro
salesfly,SalesflyHQ
Salzig,salzig
samandmoore,samandmoore
sambecker,sambecker
Samir,blacksam07
samjonester,samjonester
sammcj,s_mcleod
samnissen,samnissen
sampatbadhe,sampatbadhe
sampokuokkanen,KuokkanenSampo
samsaffron,samsaffron
samsonasu,samsonasu
samtomcom,samtomcom
samudary,robynsamuda
samuel52,sammyngn
samuel_bernard,TaXules
samuelkadolph,samuelkadolph
san983,san983
sanadan,sanadan
sanfrecce-osaka,sanfrecce_osaka
santib,santib6_
sarahemm,sarahemm
sarastanton,CodeName_Sara
sasasin,sasasin_net
satococoa,satococoa
satoruk,satoruk
satoryu,sato_ryu
sava_texas,SavaTexas
say8425,say8425
sbagdat,sitkibagdat
sbecker,sbecker
sborsje,sborsje
scalefactory,scalefactory
Scalingo,ScalingoHQ
scande3,scande3
scanpay,scanpaydk
scarfacedeb,scarfacedeb
scaryrobot,scaryrobot
schadenfred,schadenfreddo
schlazor,schlazor
schmich,schmich
schmitze333,schmitze333
schmlblk,schmlblk
schneems,schneems
schneidmaster,schneidmaster
schovi,schovi
schrodingersbox,SchrodingerBox
Schweigert,fleyhe
sclinede,ss_dolganov
scottganyo,theganyo
scottmathson,scottmathson
scottrobertson,scottymeuk
scottserok,scottserok
scottwb,scottwb69
scottwillson,scottwillson
scraperwiki,sensiblecodeio
scripbox,scripbox
scttnlsn,scttnlsn
scytherswings,scytherswings
sd,sd
sdball,stephenballnc
sdonahue0591,engineering_em
sdwolfz,sdwolfz
SEAHAL,44attack
Sean_Bamforth,seanbamforth
seandong,seandong
seanhuber,seanhuber
seanlinsley,seanlinsley
SeanNieuwoudt,thezeffness
seapy,seapy
searls,searls
sebasjimenez10,sebasjimenezvel
sebasoga,sebasoga
SebastianJ,SebastianJ
sebastianmarr,sebastianmarr
sebastianpalma,sebastianpalma_
sebbrandt87,BassiB
segiddins,segiddins
segunadeleye,MrSegunAdeleye
segur,segur_vita
sehl,benjaminsehl
seieric,monolithon_
SeiyaOhmachi,sS3xEJIZdoVehuw
selfishprimate,selfishprimate
Senchu,senchuuuuu
send,send_
sengming,sengming
senid231,senid231
senorprogrammer,senorprogrammer
senotrusov,senotrusov
sentry,getsentry
Sepcot,sepcot
serene,s0serene
sergei_lysenko,u_egoism
sergey-alekseev,AlexeevS
SergeyKanzhelev,sergeykanzhelev
sergeypedan,sergey_pedan
serradura,serradura
sertan,gerceksertan
sethalexander,itzsaga
sethdeckard,sethdeckard
sethvargo,sethvargo
SeunAdelekan,SeunAdelekan
seven,muthafaka
sevenc-nanashi,sevenc_nanashi
sevenseacat,sevenseacat
seventh,scimpr
sferik,sferik
sfeuga,sfeuga
sgadimbayli,ramblingcode
sgleadow,stewgleadow
sgnh,sgnh
sh8,_sh_8_
ShadowMyst,Shadow_Myst
shake,ShakeBugs
shalin_okada,__shalin__
shanebonham,damnweather
shanekrusen,shanekrusen
shanlongjj,jan_czizikow
shanmugavel,iashanmugavel
shapigor,shapigor
Sharparam,Sharparam
shedd,shedd
sheerun,sheerun
sheharyar,sheharyarn
sheiba,abora3d
shekharrajak,shekharrajak
Shia,Re_Shia
shibafu528,shibafu528
Shidash,Shidash
shidokamo,shidokamo
shiftb,shiftb
shiho_kambara,kansiho
shikhalev,shikhalev
shilpiagrawal,shilpikayal
shimbaco,shimbaco
shime,shime_sh
shimewtr,shimewtr
shimoju,shimoju_
shindyu,shindyu
shinpei,shinpei0213
shinsaka,kasanshi
shishi,shishi4tw
shivamkaushik91,kShivamDev
shmully,ShmullyWolfson
shogun_panda,p_insogna
sho_hey06,sho_hey06
shokai,shokai
shopify,Shopify
showata,showata
showzeng,showzeng
shreve,_shreve
shugo,shugomaeda
shuttle,Shuttle_Project
shvetsovdm,shvetsovdm
siaw23,siaw23
sickill,sickill
siddhantgoel,siddhantgoel
sideshowcoder,ischi
sidonath,sidonath
siegy22,Aimaard
sighmon,sighmon
signalwire,signalwire
sijeesh,sijemsc
sikachu,sikachu
sikandartariq,sikandartariq_
siliconsenthil,siliconsenthil
silmisilon,silmisilon
silverfin,getsilverfin
simlrh,simlrharris
simnalamburt,simnalamburt
simonharrer,simonharrer
simonwo,51M0NW
simpleanalytics,SimpleAnalytic
simplybusiness,TechSB
sinantaifour,sinantaifour
sindrenm,sindrenm
Sinjo,ChrisSinjo
sinscary,sinskary
siriusdely,siriusdely
sivakb,siva_vel_kb
siwS,SophieSiw
Sixt_PlatformEngineering,sixtde
sixtyten,toddlibby
sj26,sj26
s-jcs,shosundberg
sjs,_sjs
skalnik,skalnik
skatkov,5katkov
skelz0r,sklzr
sketchup,SUExtensions
skion,skion
skroutz,skroutzdevs
Skudo,_huydinh
skylarsch,skylarsch
skywinder,skywinder
SleeplessByte,SleeplessByte
slehmann36,slehmann36
smaeda-ks,jrsyo
smartatransit,smartatransit
smarthr,smarthr_jp
smartly,smartlyio
smartwaiver,smartwaiver
smaziano,smaziano
smdmts,smdmts
SmileyKeith,SmileyKeith
smithworx,smithworx
smudge,smudgethefirst
smurawski,stevenmurawski
smuthusa,nulldeveloper
snapsheet,SnapsheetInc
snasirca,ShahriyarNasir
snatchev,snatchev
Snazzah,Snazzah
snmmaurya,snmmaurya
snsavage,snsavage
snuffjke,snuffjke
soberstadt,soberstadt
sobrinho,sobrinho
soccernee,soccernee
sodabrew,sodabrew
softr8,softr8
Sogilis,Sogilis
Sohaib_Maroof,sohaib_maroof
sojan,sojan_official
solnic,_solnic_
sOM2H,mm1kh41l
sonalkr132,sonalkr132
sonamor,sonamor
sonicdoe,sonicdoe
sonirico,sonir1c0
sonnym,mnemosyne_speak
sonots,sonots
sorah,sora_h
sorbet,sorbet_ruby
s_osa,s_osa_
soudai-s,soudai_s
soulim,soulim
souravdas29,Sourav_2922
soutaro,soutaro
south37,south37777
sowderca,sowderca
sowenjub,sowenjub
soyrojo,elfenars
spacefugitive,aninda42
sparrowhawk,camsutter
spatialnetworks,spatialnetworks
spatie,freekmurze
spidergears,spider_gears
SpiffyStores,spiffystores
spijet,spijet
spilth,spilth
splattael,splattael
splittingred,splittingred
spllr,spllr
sponomarev,bufo_alvarius
SpritleSoftware,spritlesoftware
spuyet,spuyet
SQ9OZM,rrrodrigo
squarism,squarism
Squiidz,codingFerret
sr189,coma2nd
sreedevness,sreedevness
SreekanthGS,sreekanthgs
srinitude,srinitude
srockstyle,srockstyle
sroik,_sroik
srushe,srushe
ssaunier,ssaunier
ssnikolay,ssnickolay
sspringett,stevespringett
sstephenson,sstephenson
ssuttner,ssuttner
st0012,_st0012
st1t,st_1t
stack,stack
stantoncbradley,stantoncbradley
startzerognu,StartZeroGnu
STAR_ZERO,STAR_ZERO
statful,statfulhq
staticpagesio,staticpagesio
stefanlindbohm,stefanlindbohm
StefanoMartin,StefanoMartin87
steiley,steiley4106
stella_swe,sweswemarsoe
stellsmi,lightsmith
stephenreid,smileysteve
stevecheckoway,stevecheckoway
stevecrozz,stevecrozz
steveh7,steveh7
stevehill,SteveHill1981
stevenchang,shinjisr
stevenharman,stevenharman
stevenjackson,stevejxsn
steventen,steven_yue
StevenTTuD,StevenTTuD
stevenwestmoreland,swestmoreland
SteveOcchipinti,steveocchipinti
Steve-W,StephenWattam
stex,tagolus
StlthyLee,stlthylee
stoicAlchemist,stoicAlchemist
ston1x,stoniques
StoneWaves,stonewaves
Strech,oni_strech
strongscot,strongscotcom
strongswan,strongswan
sts10,sts10
stuartf,seriouslyuguys
stuartpreston,stuartpreston
stympy,stympy
subelsky,subelsky
subosito,subosito
SubPointSupport,SubPointSocial
substancelab,substancelab
sue445,sue445
suemoc,suemoc
sugester,sugester
sugi_0000,sugi_0000
sujal,sujal
sukechannnn,sukechannnnm
sukrosono,enter_rebel
sunaot,sunaot
sundar_z,sundar_z
SunDi3yansyah,SunDi3yansyah
Sunny,sunfox
SuperSaaS,SuperSaaS
SuperSandro2000,SuperSandro2000
supostatekx,supostatekx
SupporterHub,SupporterHubSRM
suprnova32,suprnova32
SupunKavinda,_SupunKavinda
sureshprasanna70,cegsuresh
suriyaa,SuriyaaKudoIsc
sutty,SuttyWeb
suzanmsu,suzmas
suzumura_ss,suzumura_ss
svenfuchs,svenfuchs
svenwin,svenwin
swaathi,imswaathik
swalberg,seanwa
swanandp,_swanand
swfz,swfz
swilgosz,drigglweb
swilson,BoomBoomWilly1
swrobel,swrobel
sydfzlbshr,sydfzlbshr
sylvainb,sylvainbx
syncrou,syncrou
szajbus,szajbus
szb,SierraZuluBravo
szivong,szivong
t2013anurag,t2013anurag
t27duck,t27duck
t4traw,t4traw
tabakazu,_tbkz
tabyington,fictionTAB
tacitphoenix,samsonondiek
tackeyy,3chhe
tadassce,tadassce
tadast,tadas_t
tagliala,gtagliala
taiansu,taiansu
taichi,taichi600730
taiki45,taiki45
taisukeh,hotasuke
tak1n,tak1n
taka0125,taka0125
takady,takady7
TakagiChan,TakagiChanDayo
takahashim,takahashim
takakuda,kutaike1504
takayasugiyama,tky_7201
takemikami,takemikami
takeshinoda,takeshinoda
takkii,takkii
takuyan,katton
talk2camden,greatdetectiv
talzion,_Tal_Zion
tamcgoey,SourdoughDev
tammymakesthings,tammymakesthings
tamouse__,tamouse
tampakrap,tampakrap
tanahiro,hryktnk
tanakaworld,_tanakaworld
tangrufus,tangrufus
tanukiti1987,tanukiti1987
tanvir002700,tanvir002700
tapickell,tapickell
taraico,taraico_co
tarebyte,tarebyte
tareksamni,tareksamni
tarellel,tarellel
tariki,tomohiko_ariki
tarikl,tarik_lahcen
tas50,tas50
tasdikrahman,tasdikrahman
tatsuyafw,tatsuyafw
Tatumaki,tatumakigen
taylorthurlow,taylor__thurlow
tbenett,tbenett_
tbjers,torgnybjers
tboetto,antoniusboetto
tchikuba,tchikuba
tcloetingh,tcloetingh
td512,DatKiwi_TD
tdg5,dannyguinther
tdreyno,tdreyno
TeachProd,EachProd
teamon,iteamon
teancom,gnuconsulting
techapj,techAPJ
techBytesIO,techBytesIO
techiediaries,techiediaries
tecnobrat,tecnobrat
tecracer,tecracer
tednielsen,ted_nielsen
tegon,tegonl
tehpeh,tehpeh
templarbit,templarbit
tenderlove,tenderlove
tennyzvaita,tennyzvaita
tenshiAMD,tenshiAMD
Tensho,Tensh0
terapasta,terapasta
terceiro,aterceiro
tessi,philipptessenow
testingbot,testingb0t
testobject,saucelabs
tetsutaroendo,tetsutaroendo
tf,T_Feistmantl
tf0101,tf0101_tw
tfhartmann,paxindustria
tfjmp,tfjmp
tgeselle,TGeselle
tgturner,tgurner
tgxworld,tgx_world
thadeuestevesjr,tadeuesteves
thaim,thaim24
thbar,thibaut_barrere
TheAbbie,theabbiee
TheAssailant,TheAssailant
thebarce,barce
thecodechef,thecodechef
TheCodePixi,thecodepixi
theeomm,dhmuhone
theforeman,foremanproject
TheFox,TheFox21
thefron,thefron
TheGrimSilence,thrgrimsilence
thejonanshow,thejonanshow
thejspr,thejspr
thelonelyghost,thelonelyghost
themactep,themactep
thephw,thephw
therealedsheenan,therealedsheenan
the-red,the_red315
therohansanap,therohansanap
thesilentc,thesilentc
thesunwave,thesunwave
thiagofelix,thiagoofelix
thiagorossener,thiagorossener
thibaudgg,thibaudgg
thijs,thijs
thimbert,thimbert4711
thkernel,THKERNEL
thogg4,thogg4
thomaskoppensteiner,koppensteiner_t
thombruce,thombruce
thomsbg,thomsbg
thorncp,thorncp
threatstack,threatstack
threeplanetssoftware,CiofecaForensic
thuss,thuss
tiagoamaro,tiagopadrela
tiborbodecs,tiborbodecs
ticky_,ticky
tiegz,tiegz
tigefa,sugengtigefa
tiimgreen,tiimgreen
tiksomlimited,tiksomlimited
timbetimbe,vinniefranco
timbru31,timbru31
timdiggins,timdiggins
timdorr,timdorr
timfjord,timfj0rd
timgentry,timgentry
timgluz,timgluz
timja,tjaynz
tim_koopmans,tim_koopmans
timkurvers,timkurvers
timlentse,timlentse
timoschilling,timoschilling
TimothyPeraza,timothy_peraza
timriley,timriley
timsegraves,timsegraves
tinorj,tinogomes
tisba,tisba
tiste,tiste
tithonium,tithonium
titusfortner,titusfortner
tjgrathwell,tjgrathwell
tkawa,tkawa
tkeo,tkeo
tknzk,tknzk
tkrajcar,TimKrajcar
tksmd,tksmd
tlatsas,tlatsas
tmacedo,tmacedo
tmaier,tobias_maier
tmatilai,tmatilai
tmax818,tmax818
tmayad,TMaYaD
tmd45,tmd45
tmikoss,tmikoss
tmilewski,tmilewski
tmitz,t_mitz
tmtm,tmtm
t__nabe,t__nabe
tnantoka,tnantoka
toasterlovin,toasterlovin
tobiashm,tobiashm
todb,todb
Todd_A_Jacobs,Todd_A_Jacobs
toddmichael,toddmichael
togglehq,togglehq
tokuhirom,tokuhirom
tokzk,tokzk
tolbkni,imtolbkni
tom031,tomdinhnz
tomafro,tomafro
tomasc,tomasce
tomasmuller,tomasmuller
tomaszpajor,tomaszpajor
tombruijn,tombruijn
TomClements,Seenmyfate
tomdalling,tom_dalling
tomekw,_tomekw
Tomharvey,alushtom
tomhockett,tomhockett
tomisuker,atomiyama_1216
tomjohnson1492,tomjohnson
tomkra,kralzije
tommeier,pommytom
tommy,tmtms
tomoprog,tomoprog_xxx
tomorrowkey,tomorrowkey
tomprats,tomprats
tonobo,ftonobo
tonymadbrain,tonymadbrain
tonytonyjan,tonytonyjan
tooky,tooky
tooooooooomy,tooooooooomy
top1st,XiqianZhang
Toptranslation,tt_developers
torbencarstens,torbencarstens
Torlopov_Andrey,andreytorlopov
torrocus,torrocus
toshimaru,toshimaru_e
tosite,mao_sum
towards,towards_ch
tpayet,totolapaille
tpot,timothypotter
tpritc,tpritc
travisjeffery,travisjeffery
treby,treby006
trekdemo,trekdemo
trevoke,Trevoke
trevorrjohn,trevorrjohn
trimagency,trim_agency
trinsic,trinsic
tripl3dogdare,tripl3dogdare
tripwyre,tripwyretech
triskweline,triskweline
tristandunn,tristandunn
trlinkin,trlinkin
trobrock,trobrock
troyready,troyready
trueFireblade,Annie_UwU_OwO
trueheart78,trueheart78
trusona,trusona_inc
ts276,talhashoaib27
Tsao,tsaohucn
tsayen,t_sayen
tsub,_tsub_
tsukasaoishi,tsukasa_oishi
tsutsu,leviaul
ttanimichi,ttanimichi
ttasanen,ttasanen
ttwo32,two_sann
tubbo,tubbo
turboladen,turboladen
tutec,tutec
tuwilof,tuwilof
tuwukee,yoletskaya
tuzz,chrispatuzzo
tvararu,tvararu
tvdeyen,tvdeyen
tweetjay,tweetjay2
twelvelabs,twelvelabs
twk,timkersey
twmills,twmills
twrodriguez,twrodriguez
tyabe,tyabe
tygerbytes,tygertec
tyrola,Tyrolaa
tyson,tyson
u2i,u2iKRK
u32i64,u32i64
udayan28,udayan28
uetchy,uetschy
ufuk,paracycle
ujihisa,ujm
ukazap,ukazap
Ultragreen,UltragrenSoft
Ulysse,ulyssebn
unabris,unabris
unagiootoro,unagiootoro8388
unasuke,yu_suke1994
undees,undees
universato,universato
unixmonkey,unixmonkey
unleashed,dynticks
Unobtainium,inobtenio
unruly,unrulydevs
UnsafePointer,unsafeptr
upinetree,upinetree
uplus,uplus_e10
uproad,uproad3
upscope,upscope_io
usa,unak
usman,ubax
usutani,usutani
utkarsh2102,utkarsh2102
utsavkesharwani,utsavkesharwani
uurcank,uurcank
uuushiro,uuushiro
uyoyll,uyoyll
v2lrf,v2lrf
vadimstroganov,vadimstroganov
vaemoi,vaemoi
vaiorabbit,vaiorabbit
vajapravin,vajapravin
valarissa,laurenvoswinkel
valdal14,valdal14
ValerioBellaveglia,valerioshizon
varek,varek
varvet,varvet
vas,1vasari
vasily_kolesnikov,Re_VKolesnikov
VauCN,allenvau
vaxcalc,vaxcalc
vayan,vayan
vbhv,vbhvbhardwaj
vduseev,vduseev
veelenga,veelenga
veesahni,veesahni
velocidi,Velocidi
venables,mattyven
veracode,veracode
vernon_dg,vernon_dg
VersionEye,VersionEye
vertbase,vertbase
vesan,twitter
veverkap,veverkap
vexx32,vexx32
vfonic,vfonic
vh,victorhazbun
vi5hr,vi5hr
vicision,vicision_
victor-am,victoratmorning
victorcc,VictorCorCos
Victor_Elizalde,Victor_Eli4
victorkab,truework
victorpre,victorpre
VidaZing,VidaZing
vidmantas,vidmantas
vigo,vigobronx
vikoky,vikoky
viktorasl,viktorasl
viktorvsk,viktorvsk
vimiju,vi_mi_ju
vinc,vinc686
vincent-the,vincentthelang
vinicius_stock,vinistock
vinothkannans,vinothkannans
vipin,KumarVpnkumar
virtualstaticvoid,virtstaticvoid
vishalgarg231,ur_vishh
vishaltelangre,suruwat
vishnugopal,vishnugopal
visoft,visoft
vivid_muimui,vivid_muimui
vladyio,vlady_io
vmg,vmg
vmj,_vmj_
vmsilvamolina,vmsilvamolina
vnbrs,vnbrs_
volmer,volmerius
volosh1n,volosh1ns
voltechs,volte
Vonage,vonagedev
vonchristian,von_halip
vonTronje,hervorhagend
VorontsovIE,VorontsovIE
vova,_obman
vovayartsev,vovayartsev
voxpupuli,voxpupuliorg
vrocha,vtorves
vroy,vroy
vsh,r13
vszhub,vszhub
vthrenody,vthrenody
vyper,vyper
WA9ACE,WA9ACE
wadetandy,wadetandy
waiting-for-dev,waiting_for_dev
wakabayashi,wakabayashi
WaKeMaTTa,wakematta
walbinjr,walbinjr
walkah,walkah
walkersumida,walkersumida
wallymathieu,wallymathieu
wallyqs_oss,wallyqs
wapa5pow,wapa5pow
warmfusion,warmfusion
wasilak,wasilak
wasmer,wasmerio
Watson,watson1978
wattics,wattics
watzon,_watzon
wayarmy,wayarmy
wbnns,wbnns
wbotelhos,wbotelhos
wbruce,bruce
we5,we5
wealthsimple,wealthsimple
wearerequired,wearerequired
weareswat,weareswat
webster132,dhh
webuilder240,webuilder240
weirdindiankid,weirdindiankid
wen,wen
wengerk,wengerk
wevtimoteo,wevtimoteo
wgfm,wgfm_
whazzmaster,whazzmaster
wheresalice,PrincenAlice
whitequark,whitequark
whysthatso,whysthatso
whywaita,whywaita
wildlyinaccurate,Joseph_Wynn
wilhall,alphapneumatic
willcannings,willcannings
willcosgrove,willcosgrove
willf,willf
willhbr,willhbr
willia4,willia4
WilliamDenniss,WilliamDenniss
williampollet,william_pollet
willian,willian
willmiranda,willmiranda
willnet,netwillnet
will-wow,WowItsWillWow
Willyboar,Willyboar
wilsondealmeida,wilsondealmeida
windyakin,MITLicense
winebarrel,sgwr_dts
wingrunr21,wingrunr21
wishnu,wishnuehrgeiz
wittawasw,wittawasw
wkirschbaum,wkirschbaum
wkoszek,wkoszek
wktk,wk
wlycdgr,wly_cdgr
wndxlori,wndxlori
Woebetide,_woebetide_
wojtha,wojtha
WolfSoftware,wolfsoftware
woodruffw,8x5clPW2
Wordhop,wordhop
workman,ifworkman
woto,woto7
wout,_wout_
wovian,eyaltoledano
wpolicarpo,wpolicarpo
WPScanTeam,_WPScan_
wrdevos,wrdevos
wrightj,jwright
wslerry,wslerry
wuest,callmewuest
X140Yu,_X140Yu
x1ddos,x1ddos
x4121,ArminGrodon
x6d61,0x6d61
xaf,raphaelbeamonte
xander-jones,xlljones
xcdr,xcdr4dev
XenoPhex,anandgaitonde
xeroapi,xeroapi
xeron,iXeron
xh3n1,xh3n1
xlanex6,xlanex6
xord,xordog
xorima,xorima_oss
xuncheng,wxuncheng
xunker,xunker
xxninjabunnyxx,xxninjabunnyxx
Xystus777,_andrewdavis
yahonda,yahonda
yaks,arsinh
yalab,yalab
yalantis,yalantis
yamaimo,yappy0625
yamashun,yshunsuke22
yamasy1549,yamasy1549
yana,yana_agun
yancya,yancya
yanei11,yanei11
yanekx,yanekxmatt
yanniskolovos,yanniskolovos
Yared_Getachew,ygetachew
yaroslav,yaroslav
yasaichi,_yasaichi
yasuhiroki,duck_yasuhiroki
yasulab,yasulab
yatmsu,yatmsu
YavorIvanov,YavorIvanov
ybakos,ybakos
ybiquitous,ybiquitous
ydnar,rr
yebyen,yebyen
yechielk,yechielk
yedukondalareddy,yrmallu
yefim,yefim
yegor256,yegor256
yellowme,yellowmemx
yensaki,yensaki
yetanotherjosh,yetanotherjosh
yhirano,yoshi_hirano
yitsushi,yitsushi
yllieth,yllieth
ylt,youlikethaaaat
ymizushi,ymizushi
ymkjp,ymkjp
yoasyo25,yohananassefa
yodog712,yodog712
yohan8510,yohanmorales
yohasebe,yohasebe
yohira0616,yohira_dev
yoichi_kawasaki,yokawasa
yopefonic,yopefonic
YorickPeterse,yorickpeterse
YorkFish,YorkFish_
yorkxin,yorkxin
yosangwon,yosangwon
yosei,yoseiito
yoshi0309,yoshi0309
yoshino,yoshinotaiki
yoshioka,yoshioka
yoshoku,y0shoku
yoshuki,yoshuki
yoti,getyoti
youchan,youchan
youcune,youcune
yourFriendWes,yourFriendWes
youszef,U_szef
youyo,youyo_
yovasx2,yovasx2
ysakasin,ysakasin
yskoht,_yskoht
yskttm,yskttm
yterajima,yterajima
yudai09,kat_tin
yudsuzuk,yuzurusansuzuki
yuemori,wakaba260yen
yugabyte,yugabyte
yujinakayama,nkym37
yuki24,yuki24
yukirai,Yu_ki_Rai
yukirii,yukirii_
yuki-ycino,yuki_ycino
yukku0423,44uk_i3
yumaio,yumaendo
yuri_leikind,less_software
YuryBogdanov,YuryBogdanov_
yusabana,yusabana
yutadayo,yutadayo
YutaGoto,gggooottto
yutailang0119,yutailang0119
yuyat,yuya_takeyama
yvan-sraka,yvansraka
yvshevchenko,yvshevchenko
yyuu,_yyuu
z3ugma,z3ugma
zachery,whazzmaster
zachflower,zachflower
zachnewburgh,zachnewburgh
zachtuttle,tuttza
zakuni,zakuni
zammad,zammadhq
Zaratan,zaratan
zaru,zaru
zaur,izaurio
zbox,zboxfs
zdavatz,zdavatz
zdne,zdne
zeero26,zeero
zefer,zefer
zeke_fast,zekefast
zeljkofilipin,zeljkofilipin
zenonas,zenonkyp
zenspider,the_zenspider
Zeotyn,Zeotyn
zeplin,zeplin
zeroc,zeroc
ZeroStride,pat_wilson
zetavg,zetavg
zetter,czetter
zguillez,zguillez
zh,zh
ZhenyuanLau,ZhenyuanLau
zhiephie,str4whatt
ziguzagu,ziguzagu
Ziphil,Ziphil
zipkid,zipkid
zircode,ZircodeLtd
zisoft,zisoft061
ziv,zivtwt
zivong,zivong91
znz,znz
zofrex,zofrex
zog,zog_zog
ZogStriP,zogstrip
zoiec,zoiecarnegie
Zoker,zoooker
zoltan-nz,zoltan_nz
Zooip,alexnarb
zotherstupidguy,zotherstupidguy
zsoltardai,zsolt_ardai
zverok,zverok
zw963,zw963
zydeco,maczydeco
zzamboni,zzamboni
zzeligg,zzeligg
